suggested_status,suggested_reasoning,suggested_canonical_name,possible_afl_matches,possible_nrl_matches,nrl_player_name,nrl_observed_names,nrl_first_season,nrl_last_season,nrl_teams,nrl_match_count,afl_player_name,afl_observed_names,afl_first_season,afl_last_season,afl_teams,afl_scoring_match_count,afl_total_tries,normalized_name
nrl_only,No AFLTables scorer record matched this normalized name.,Alailima Ma'afu,"Lorenzo Ma'afu [score=118; minor; 2 scoring matches, 0 tries; 2008-2008; Canterbury-Bankstown Bulldogs; same surname; season overlap; shared teams=1]",,Alailima Ma'afu,Alailima Ma'afu,2008,2008,Canterbury-Bankstown Bulldogs,2,,,,,,,,alailima maafu
nrl_only,No AFLTables scorer record matched this normalized name.,Alec Tuitavake,,,Alec Tuitavake,Alec Tuitavake,2024,2024,St George Illawarra Dragons,1,,,,,,,,alec tuitavake
nrl_only,No AFLTables scorer record matched this normalized name.,Ben Johnson,"Dallas Johnson [score=105; significant; 222 scoring matches, 14 tries; 2003-2013; Melbourne Storm | North Queensland Cowboys; same surname; scored a try] || Liam Johnson [score=105; significant; 8 scoring matches, 1 tries; 1996-1998; North Queensland Cowboys; same surname; scored a try] || Shaun Johnson [score=105; significant; 268 scoring matches, 85 tries; 2011-2024; Cronulla-Sutherland Sharks | New Zealand Warriors; same surname; scored a try] || Paul Johnson [score=100; minor; 1 scoring matches, 0 tries; 1998-1998; Penrith Panthers; same surname]",,Ben Johnson,Ben Johnson,2025,2025,Sydney Roosters,1,,,,,,,,ben johnson
nrl_only,No AFLTables scorer record matched this normalized name.,Brad Morkos,,,Brad Morkos,Brad Morkos,2023,2023,Canberra Raiders,1,,,,,,,,brad morkos
nrl_only,No AFLTables scorer record matched this normalized name.,Braden Uele,"Braden Uele [score=173; significant; 134 scoring matches, 17 tries; 2017-2026; Cronulla-Sutherland Sharks | North Queensland Cowboys; same surname; same initials; same first name; season overlap; shared teams=1; scored a try]",,Braden Uele,Braden Uele,2021,2026,Cronulla-Sutherland Sharks,18,,,,,,,,braden uele
nrl_only,No AFLTables scorer record matched this normalized name.,Brian Pouniu,,,Brian Pouniu,Brian Pouniu,2026,2026,Dolphins,2,,,,,,,,brian pouniu
nrl_only,No AFLTables scorer record matched this normalized name.,Brian Seimson,,,Brian Seimson,Brian Seimson,1998,1998,South Sydney Rabbitohs,2,,,,,,,,brian seimson
nrl_only,No AFLTables scorer record matched this normalized name.,Coby Williamson,"Luke Williamson [score=105; significant; 206 scoring matches, 27 tries; 1998-2008; Adelaide Rams | Canberra Raiders | Manly-Warringah Sea Eagles | Northern Eagles; same surname; scored a try]",,Coby Williamson,Coby Williamson,2024,2025,Melbourne Storm,2,,,,,,,,coby williamson
nrl_only,No AFLTables scorer record matched this normalized name.,Cole Geyer,"Matt Geyer [score=113; significant; 262 scoring matches, 113 tries; 1998-2008; Melbourne Storm; same surname; shared teams=1; scored a try] || Mark Geyer [score=105; significant; 173 scoring matches, 12 tries; 1986-2000; Balmain Tigers | Penrith Panthers | Western Reds; same surname; scored a try] || Mavrik Geyer [score=100; significant; 14 scoring matches, 0 tries; 2024-2025; Penrith Panthers; same surname]",,Cole Geyer,Cole Geyer,2023,2023,Melbourne Storm,1,,,,,,,,cole geyer
nrl_only,No AFLTables scorer record matched this normalized name.,Dane Aukafolau,,,Dane Aukafolau,Dane Aukafolau,2023,2023,Newcastle Knights,1,,,,,,,,dane aukafolau
nrl_only,No AFLTables scorer record matched this normalized name.,Daniel Russell,"Daniel Russell [score=168; significant; 11 scoring matches, 0 tries; 2004-2023; Penrith Panthers | St George Illawarra Dragons; same surname; same initials; same first name; season overlap; shared teams=1] || Lachlan Russell [score=110; minor; 1 scoring matches, 0 tries; 2004-2004; St George Illawarra Dragons; same surname; season overlap] || Sean Russell [score=105; significant; 65 scoring matches, 27 tries; 2021-2026; Parramatta Eels; same surname; scored a try] || Shane Russell [score=105; significant; 45 scoring matches, 21 tries; 1994-1998; Balmain Tigers | Gold Coast Chargers | Parramatta Eels; same surname; scored a try]",,Daniel Russell,Daniel Russell,2004,2004,Penrith Panthers,3,,,,,,,,daniel russell
nrl_only,No AFLTables scorer record matched this normalized name.,Elie El-Zakhem,,,Elie El-Zakhem,Elie El-Zakhem,2022,2022,Parramatta Eels,1,,,,,,,,elie el zakhem
nrl_only,No AFLTables scorer record matched this normalized name.,Ethan Roberts,"Amos Roberts [score=113; significant; 177 scoring matches, 106 tries; 2000-2008; Penrith Panthers | St George Illawarra Dragons | Sydney Roosters; same surname; shared teams=1; scored a try] || Ben Roberts [score=105; significant; 148 scoring matches, 14 tries; 2006-2014; Canterbury-Bankstown Bulldogs | Melbourne Storm | Parramatta Eels; same surname; scored a try] || Ian Roberts [score=105; significant; 177 scoring matches, 11 tries; 1986-1998; Manly-Warringah Sea Eagles | North Queensland Cowboys | South Sydney Rabbitohs; same surname; scored a try] || James Roberts [score=105; significant; 166 scoring matches, 77 tries; 2011-2022; Brisbane Broncos | Gold Coast Titans | Penrith Panthers | South Sydney Rabbitohs | Wests Tigers; same surname; scored a try] || Tyrone Roberts [score=105; significant; 158 scoring matches, 35 tries; 2011-2022; Brisbane Broncos | Gold Coast Titans | Newcastle Knights; same surname; scored a try]",,Ethan Roberts,Ethan Roberts,2025,2025,Sydney Roosters,2,,,,,,,,ethan roberts
nrl_only,No AFLTables scorer record matched this normalized name.,Francis Tualau,"Francis Tualau [score=168; minor; 10 scoring matches, 0 tries; 2017-2018; Canterbury-Bankstown Bulldogs; same surname; same initials; same first name; season overlap; shared teams=1]",,Francis Tualau,Francis Tualau,2017,2017,Canterbury-Bankstown Bulldogs,4,,,,,,,,francis tualau
nrl_only,No AFLTables scorer record matched this normalized name.,Israel Leota,"Moses Leota [score=115; significant; 205 scoring matches, 15 tries; 2016-2026; Penrith Panthers; same surname; season overlap; scored a try]",,Israel Leota,Israel Leota,2024,2024,Brisbane Broncos,1,,,,,,,,israel leota
nrl_only,No AFLTables scorer record matched this normalized name.,Jack Underhill,,,Jack Underhill,Jack Underhill,2025,2025,Canterbury-Bankstown Bulldogs,1,,,,,,,,jack underhill
nrl_only,No AFLTables scorer record matched this normalized name.,Jacob Alick,,,Jacob Alick,Jacob Alick,2023,2023,Gold Coast Titans,1,,,,,,,,jacob alick
nrl_only,No AFLTables scorer record matched this normalized name.,James Walsh,"Joey Walsh [score=135; minor; 1 scoring matches, 0 tries; 2025-2025; Manly-Warringah Sea Eagles; same surname; same initials; season overlap] || Reece Walsh [score=115; significant; 99 scoring matches, 51 tries; 2021-2026; Brisbane Broncos | New Zealand Warriors; same surname; season overlap; scored a try] || David Walsh [score=105; significant; 114 scoring matches, 6 tries; 1990-1998; Illawarra Steelers; same surname; scored a try] || Luke Walsh [score=105; significant; 120 scoring matches, 11 tries; 2007-2013; Newcastle Knights | Penrith Panthers; same surname; scored a try]",,James Walsh,James Walsh,2025,2025,Dolphins,2,,,,,,,,james walsh
nrl_only,No AFLTables scorer record matched this normalized name.,Jensen Taumoepeau,,,Jensen Taumoepeau,Jensen Taumoepeau,2026,2026,Gold Coast Titans,1,,,,,,,,jensen taumoepeau
nrl_only,No AFLTables scorer record matched this normalized name.,Jett Liu,"Isaac Liu [score=113; significant; 272 scoring matches, 16 tries; 2013-2024; Gold Coast Titans | Sydney Roosters; same surname; shared teams=1; scored a try]",,Jett Liu,Jett Liu,2026,2026,Gold Coast Titans,1,,,,,,,,jett liu
nrl_only,No AFLTables scorer record matched this normalized name.,Joseph O'Neill,"Julian O'Neill [score=130; significant; 220 scoring matches, 62 tries; 1991-2001; Brisbane Broncos | North Queensland Cowboys | South Sydney Rabbitohs | Western Reds; same surname; same initials; scored a try] || Justin O'Neill [score=130; significant; 190 scoring matches, 78 tries; 2010-2021; Melbourne Storm | North Queensland Cowboys; same surname; same initials; scored a try] || Mark O'Neill [score=105; significant; 223 scoring matches, 21 tries; 1994-2005; Balmain Tigers | Wests Tigers; same surname; scored a try]",,Joseph O'Neill,Joseph O'Neill,2025,2025,Canterbury-Bankstown Bulldogs,1,,,,,,,,joseph oneill
nrl_only,No AFLTables scorer record matched this normalized name.,Kiah Cooper,"Dustin Cooper [score=105; significant; 37 scoring matches, 12 tries; 2003-2008; Cronulla-Sutherland Sharks | Melbourne Storm | Newcastle Knights; same surname; scored a try] || Gavin Cooper [score=105; significant; 323 scoring matches, 79 tries; 2006-2020; Gold Coast Titans | North Queensland Cowboys | Penrith Panthers; same surname; scored a try] || Matt Cooper [score=105; significant; 243 scoring matches, 124 tries; 2000-2013; St George Illawarra Dragons; same surname; scored a try] || Mike Cooper [score=105; significant; 69 scoring matches, 3 tries; 2014-2016; St George Illawarra Dragons; same surname; scored a try]",,Kiah Cooper,Kiah Cooper,2021,2021,Wests Tigers,1,,,,,,,,kiah cooper
nrl_only,No AFLTables scorer record matched this normalized name.,Latrell Siegwalt,,,Latrell Siegwalt,Latrell Siegwalt,2026,2026,South Sydney Rabbitohs,2,,,,,,,,latrell siegwalt
nrl_only,No AFLTables scorer record matched this normalized name.,Lewis Symonds,"Tom Symonds [score=105; significant; 92 scoring matches, 18 tries; 2009-2016; Manly-Warringah Sea Eagles | Sydney Roosters; same surname; scored a try] || Gerald Symonds [score=100; minor; 2 scoring matches, 0 tries; 2002-2002; South Sydney Rabbitohs; same surname]",,Lewis Symonds,Lewis Symonds,2026,2026,Dolphins,1,,,,,,,,lewis symonds
nrl_only,No AFLTables scorer record matched this normalized name.,Liam Sutton,"John Sutton [score=105; significant; 336 scoring matches, 61 tries; 2004-2019; South Sydney Rabbitohs; same surname; scored a try] || Ryan Sutton [score=105; significant; 88 scoring matches, 4 tries; 2019-2023; Canberra Raiders | Canterbury-Bankstown Bulldogs; same surname; scored a try]",,Liam Sutton,Liam Sutton,2026,2026,North Queensland Cowboys,2,,,,,,,,liam sutton
nrl_only,No AFLTables scorer record matched this normalized name.,LJ Nonu,,,LJ Nonu,LJ Nonu,2025,2025,Dolphins,2,,,,,,,,lj nonu
nrl_only,No AFLTables scorer record matched this normalized name.,Loko Pasifiki Tonga,"Loko Pasifiki Tonga [score=173; significant; 10 scoring matches, 1 tries; 2025-2025; St George Illawarra Dragons; same surname; same initials; same first name; season overlap; shared teams=1; scored a try] || Esikeli Tonga [score=105; significant; 40 scoring matches, 10 tries; 2008-2013; Gold Coast Titans | Manly-Warringah Sea Eagles | Parramatta Eels; same surname; scored a try] || Willie Tonga [score=105; significant; 181 scoring matches, 78 tries; 2002-2014; Canterbury-Bankstown Bulldogs | North Queensland Cowboys | Parramatta Eels; same surname; scored a try] || Charlie Tonga [score=100; significant; 22 scoring matches, 0 tries; 2005-2007; Canterbury-Bankstown Bulldogs | Sydney Roosters; same surname]",,Loko Pasifiki Tonga,Loko Pasifiki Tonga,2025,2025,St George Illawarra Dragons,12,,,,,,,,loko pasifiki tonga
nrl_only,No AFLTables scorer record matched this normalized name.,Mitchell Woods,"Aaron Woods [score=113; significant; 268 scoring matches, 18 tries; 2011-2024; Canterbury-Bankstown Bulldogs | Cronulla-Sutherland Sharks | Manly-Warringah Sea Eagles | St George Illawarra Dragons | Wests Tigers; same surname; shared teams=1; scored a try] || David Woods [score=105; significant; 277 scoring matches, 56 tries; 1988-2001; Canberra Raiders | Gold Coast Chargers | Newcastle Knights | Parramatta Eels | Penrith Panthers | Western Suburbs Magpies; same surname; scored a try]",,Mitchell Woods,Mitchell Woods,2025,2025,Canterbury-Bankstown Bulldogs,1,,,,,,,,mitchell woods
nrl_only,No AFLTables scorer record matched this normalized name.,Niwhai Puru,"Hohepa Puru [score=118; minor; 7 scoring matches, 0 tries; 2023-2026; Canberra Raiders | Cronulla-Sutherland Sharks; same surname; season overlap; shared teams=1]",,Niwhai Puru,Niwhai Puru,2024,2024,Cronulla-Sutherland Sharks,2,,,,,,,,niwhai puru
nrl_only,No AFLTables scorer record matched this normalized name.,Pride Petterson-Robati,"TC Robati [score=115; significant; 17 scoring matches, 2 tries; 2021-2022; Brisbane Broncos; same surname; season overlap; scored a try]",,Pride Petterson-Robati,Pride Petterson-Robati,2021,2021,New Zealand Warriors,1,,,,,,,,pride petterson robati
nrl_only,No AFLTables scorer record matched this normalized name.,Toby Rodwell,"Tom Rodwell [score=133; minor; 1 scoring matches, 0 tries; 2025-2025; Sydney Roosters; same surname; same initials; shared teams=1] || Brett Rodwell [score=105; significant; 202 scoring matches, 70 tries; 1989-1999; Illawarra Steelers | South Sydney Rabbitohs; same surname; scored a try] || Matthew Rodwell [score=105; significant; 161 scoring matches, 32 tries; 1990-2001; Newcastle Knights | Penrith Panthers | St George Dragons | St George Illawarra Dragons | Western Reds; same surname; scored a try] || Ky Rodwell [score=100; minor; 5 scoring matches, 0 tries; 2021-2022; Parramatta Eels; same surname]",,Toby Rodwell,Toby Rodwell,2026,2026,Sydney Roosters,2,,,,,,,,toby rodwell
nrl_only,No AFLTables scorer record matched this normalized name.,Va'a Semu,,,Va'a Semu,Va'a Semu,2024,2026,Brisbane Broncos,3,,,,,,,,vaa semu
nrl_only,No AFLTables scorer record matched this normalized name.,Vaipuna Tia Kilifi,"Junior Tia-Kilifi [score=131; significant; 10 scoring matches, 6 tries; 2009-2010; Canterbury-Bankstown Bulldogs | Penrith Panthers; same surname; season overlap; shared teams=2; scored a try]",,Vaipuna Tia Kilifi,Vaipuna Tia Kilifi,2009,2010,Canterbury-Bankstown Bulldogs | Penrith Panthers,10,,,,,,,,vaipuna tia kilifi
nrl_only,No AFLTables scorer record matched this normalized name.,Valingi Kepu,,,Valingi Kepu,Valingi Kepu,2022,2022,New Zealand Warriors,1,,,,,,,,valingi kepu
nrl_only,No AFLTables scorer record matched this normalized name.,Vena Patuki-Case,,,Vena Patuki-Case,Vena Patuki-Case,2025,2025,Canberra Raiders,1,,,,,,,,vena patuki case
nrl_only,No AFLTables scorer record matched this normalized name.,Villiami Penisini,"Will Penisini [score=123; significant; 101 scoring matches, 36 tries; 2021-2026; Parramatta Eels; same surname; season overlap; shared teams=1; scored a try]",,Villiami Penisini,Villiami Penisini,2021,2024,Parramatta Eels,13,,,,,,,,villiami penisini
nrl_only,No AFLTables scorer record matched this normalized name.,Watson Heleta,,,Watson Heleta,Watson Heleta,2021,2021,Canterbury-Bankstown Bulldogs,2,,,,,,,,watson heleta
nrl_only,No AFLTables scorer record matched this normalized name.,Wilson De Courcey,,,Wilson De Courcey,Wilson De Courcey,2026,2026,Newcastle Knights,1,,,,,,,,wilson de courcey
nrl_only,No AFLTables scorer record matched this normalized name.,Zane Bijorac,,,Zane Bijorac,Zane Bijorac,2022,2022,South Sydney Rabbitohs,1,,,,,,,,zane bijorac
nrl_only,No AFLTables scorer record matched this normalized name.,Zane Harrison,"Ashley Harrison [score=113; significant; 276 scoring matches, 56 tries; 2000-2014; Brisbane Broncos | Gold Coast Titans | South Sydney Rabbitohs | Sydney Roosters; same surname; shared teams=1; scored a try] || Bronson Harrison [score=105; significant; 196 scoring matches, 22 tries; 2004-2014; Canberra Raiders | St George Illawarra Dragons | Wests Tigers; same surname; scored a try] || Daniel Harrison [score=105; significant; 27 scoring matches, 2 tries; 2011-2014; Manly-Warringah Sea Eagles | Parramatta Eels; same surname; scored a try]",,Zane Harrison,Zane Harrison,2026,2026,Gold Coast Titans,1,,,,,,,,zane harrison
afltables_only,No NRL player-stat record matched this AFLTables scorer name.,Brian Siemson,,,,,,,,,Brian Siemson,Brian Siemson,1998,1998,South Sydney Rabbitohs,2,0,brian siemson
afltables_only,No NRL player-stat record matched this AFLTables scorer name.,Fetalaiga Pauga,,Fetalaiga Pauga [score=173; significant; 32 games; 2021-2026; Sydney Roosters | Wests Tigers; same surname; same initials; same first name; season overlap; shared teams=1; 10+ NRL games],,,,,,,Fetalaiga Pauga,Fetalaiga Pauga,2024,2026,Sydney Roosters,10,6,fetalaiga pauga
afltables_only,No NRL player-stat record matched this AFLTables scorer name.,Jake Arthur,,Jake Arthur [score=181; significant; 62 games; 2021-2025; Manly-Warringah Sea Eagles | Newcastle Knights | Parramatta Eels; same surname; same initials; same first name; season overlap; shared teams=2; 10+ NRL games] || Matthew Arthur [score=118; minor; 7 games; 2024-2025; Newcastle Knights | Parramatta Eels; same surname; season overlap; shared teams=1],,,,,,,Jake Arthur,Jake Arthur,2025,2025,Manly-Warringah Sea Eagles | Newcastle Knights,6,0,jake arthur
afltables_only,No NRL player-stat record matched this AFLTables scorer name.,JJ Collins,,JJ Collins [score=181; significant; 24 games; 2016-2023; Canberra Raiders | Dolphins | Newcastle Knights | Wests Tigers; same surname; same initials; same first name; season overlap; shared teams=2; 10+ NRL games] || Lindsay Collins [score=115; significant; 133 games; 2017-2026; Sydney Roosters; same surname; season overlap; 10+ NRL games],,,,,,,JJ Collins,JJ Collins,2019,2023,Canberra Raiders | Dolphins,4,0,jj collins
afltables_only,No NRL player-stat record matched this AFLTables scorer name.,Josh Curran,,Josh Curran [score=181; significant; 112 games; 2019-2026; Canterbury-Bankstown Bulldogs | New Zealand Warriors | Sydney Roosters; same surname; same initials; same first name; season overlap; shared teams=2; 10+ NRL games],,,,,,,Josh Curran,Josh Curran,2023,2026,Canterbury-Bankstown Bulldogs | New Zealand Warriors,50,7,josh curran
afltables_only,No NRL player-stat record matched this AFLTables scorer name.,Junior Tia-Kilifi,,Vaipuna Tia Kilifi [score=126; minor; 10 games; 2009-2010; Canterbury-Bankstown Bulldogs | Penrith Panthers; same surname; season overlap; shared teams=2],,,,,,,Junior Tia-Kilifi,Junior Tia Kilifi | Junior Tia-Kilifi,2009,2010,Canterbury-Bankstown Bulldogs | Penrith Panthers,10,6,junior tia kilifi
afltables_only,No NRL player-stat record matched this AFLTables scorer name.,Junior Vaivai,,Paterika Vaivai [score=105; significant; 16 games; 2014-2017; Gold Coast Titans | Newcastle Knights; same surname; 10+ NRL games],,,,,,,Junior Vaivai,Junior Vaivai,2009,2010,South Sydney Rabbitohs,4,1,junior vaivai
afltables_only,No NRL player-stat record matched this AFLTables scorer name.,Lancen Juodo,,,,,,,,,Lancen Juodo,Lancen Juodo,2010,2010,Cronulla-Sutherland Sharks,1,0,lancen juodo
afltables_only,No NRL player-stat record matched this AFLTables scorer name.,Lorenzo Ma'afu,,Alailima Ma'afu [score=118; minor; 2 games; 2008-2008; Canterbury-Bankstown Bulldogs; same surname; season overlap; shared teams=1],,,,,,,Lorenzo Ma'afu,Lorenzo Ma'afu,2008,2008,Canterbury-Bankstown Bulldogs,2,0,lorenzo maafu
afltables_only,No NRL player-stat record matched this AFLTables scorer name.,Sam Huihahau,,,,,,,,,Sam Huihahau,Sam Huihahau,2008,2008,South Sydney Rabbitohs,2,0,sam huihahau
afltables_only,No NRL player-stat record matched this AFLTables scorer name.,Taioalo Vaivai,,Paterika Vaivai [score=105; significant; 16 games; 2014-2017; Gold Coast Titans | Newcastle Knights; same surname; 10+ NRL games],,,,,,,Taioalo Vaivai,Taioalo Vaivai,2011,2011,Penrith Panthers,1,0,taioalo vaivai