display_name,first_season,last_season,span,is_unresolved,max_gap,seasons_count,db_games,db_tries,db_points,approved_afltables_name,afl_games_record_count,afl_games_total,games_diff,afl_games_urls,afl_games_rows,afl_points_record_count,afl_points_tries_total,afl_points_goals_total,afl_points_fg1_total,afl_points_fg2_total,afl_points_total,tries_diff,points_diff,afl_points_urls,afl_points_rows,discrepancy_flags
A Wright,1908,1920,12,1,4,7,13,10,38,,0,0,,,,1,10,4,0,0,38,0,0,players/A/A_Wright.html,A Wright 1908-1920 T:10 P:38,unresolved_db_player
Arthur Halloway,1908,1920,12,1,1,13,48,58,174,,0,0,,,,1,58,0,0,0,174,0,0,players/A/Arthur_Halloway.html,Arthur Halloway 1908-1920 T:58 P:174,unresolved_db_player
Tedda Courtney,1908,1924,16,1,2,15,35,38,118,,0,0,,,,1,38,2,0,0,118,0,0,players/T/Tedda_Courtney.html,Tedda Courtney 1908-1924 T:38 P:118,unresolved_db_player
Howard Hallett [1909-1920],1909,1920,11,0,2,10,38,21,133,,0,0,,,,0,0,0,0,0,0,,,,,missing_afltables_points_record
John Campbell [1910-1921],1910,1921,11,0,9,4,11,18,56,,0,0,,,,0,0,0,0,0,0,,,,,large_career_gap | missing_afltables_points_record
Ray Norman,1910,1921,11,1,2,11,43,20,140,,0,0,,,,1,20,40,0,0,140,0,0,players/R/Ray_Norman.html,Ray Norman 1910-1921 T:20 P:140,unresolved_db_player
Viv Farnsworth,1910,1921,11,1,7,6,18,29,87,,0,0,,,,1,29,0,0,0,87,0,0,players/V/Viv_Farnsworth.html,Viv Farnsworth 1910-1921 T:29 P:87,unresolved_db_player | large_career_gap
George Green,1910,1922,12,1,3,9,11,10,32,,0,0,,,,1,10,1,0,0,32,0,0,players/G/George_Green.html,George Green 1910-1922 T:10 P:32,unresolved_db_player
Rex Norman,1910,1922,12,1,3,10,36,28,174,,0,0,,,,1,28,45,0,0,174,0,0,players/R/Rex_Norman.html,Rex Norman 1910-1922 T:28 P:174,unresolved_db_player
Walter Haddock,1910,1922,12,1,3,8,10,11,37,,0,0,,,,1,11,2,0,0,37,0,0,players/W/Walter_Haddock.html,Walter Haddock 1910-1922 T:11 P:37,unresolved_db_player
Charles Fraser,1910,1926,16,1,2,16,94,54,494,,0,0,,,,1,54,164,0,2,494,0,0,players/C/Charles_Fraser.html,Charles Fraser 1910-1926 T:54 P:494,unresolved_db_player
Jack Redmond,1911,1924,13,1,3,11,34,14,140,,0,0,,,,1,14,49,0,0,140,0,0,players/J/Jack_Redmond.html,Jack Redmond 1911-1924 T:14 P:140,unresolved_db_player
Frank Burge,1911,1927,16,1,5,13,82,146,538,,0,0,,,,1,146,50,0,0,538,0,0,players/F/Frank_Burge.html,Frank Burge 1911-1927 T:146 P:538,unresolved_db_player | large_career_gap
Harold Horder,1912,1924,12,1,1,13,114,152,756,,0,0,,,,1,152,149,0,1,756,0,0,players/H/Harold_Horder.html,Harold Horder 1912-1924 T:152 P:756,unresolved_db_player
Wally Collins,1912,1924,12,1,2,12,60,80,244,,0,0,,,,1,80,2,0,0,244,0,0,players/W/Wally_Collins.html,Wally Collins 1912-1924 T:80 P:244,unresolved_db_player
Bert Gray,1912,1926,14,1,4,10,29,31,95,,0,0,,,,1,31,1,0,0,95,0,0,players/B/Bert_Gray.html,Bert Gray 1912-1926 T:31 P:95,unresolved_db_player
Bill Hilliard,1912,1983,71,1,69,4,20,3,13,,0,0,,,,1,3,2,0,0,13,0,0,players/B/Bill_HilliardBL.html,Bill Hilliard 1912 T:3 P:13,unresolved_db_player | large_career_gap | missing_afltables_games_record
Jack Robinson,1913,1925,12,1,1,13,62,78,244,,0,0,,,,1,78,5,0,0,244,0,0,players/J/Jack_Robinson.html,Jack Robinson 1913-1925 T:78 P:244,unresolved_db_player
Jack Watkins,1913,1926,13,1,3,10,21,23,69,,0,0,,,,1,23,0,0,0,69,0,0,players/J/Jack_Watkins.html,Jack Watkins 1913-1926 T:23 P:69,unresolved_db_player
Clarrie Tye,1915,1927,12,1,3,10,17,18,54,,0,0,,,,1,18,0,0,0,54,0,0,players/C/Clarrie_Tye.html,Clarrie Tye 1915-1927 T:18 P:54,unresolved_db_player
Arthur Oxford,1915,1929,14,1,2,14,143,36,864,,0,0,,,,1,36,378,0,0,864,0,0,players/A/Arthur_Oxford.html,Arthur Oxford 1915-1929 T:36 P:864,unresolved_db_player
Jim Craig,1916,1930,14,1,7,7,56,29,303,,0,0,,,,1,29,108,0,0,303,0,0,players/J/Jim_Craig.html,Jim Craig 1916-1930 T:29 P:303,unresolved_db_player | large_career_gap
Reg Latta,1916,1930,14,1,2,14,58,62,188,,0,0,,,,1,62,1,0,0,188,0,0,players/R/Reg_Latta.html,Reg Latta 1916-1930 T:62 P:188,unresolved_db_player
Jack Toohey,1917,1928,11,1,5,7,37,31,177,,0,0,,,,1,31,42,0,0,177,0,0,players/J/Jack_Toohey.html,Jack Toohey 1917-1928 T:31 P:177,unresolved_db_player | large_career_gap
Jim Breen,1917,1928,11,1,10,3,7,10,30,,0,0,,,,1,10,0,0,0,30,0,0,players/J/Jim_Breen.html,Jim Breen 1917-1928 T:10 P:30,unresolved_db_player | large_career_gap
Alf Blair,1917,1930,13,1,2,13,77,39,357,,0,0,,,,1,39,120,0,0,357,0,0,players/A/Alf_Blair.html,Alf Blair 1917-1930 T:39 P:357,unresolved_db_player
Benny Wearing,1921,1933,12,1,1,13,143,144,836,,0,0,,,,1,144,202,0,0,836,0,0,players/B/Benny_Wearing.html,Benny Wearing 1921-1933 T:144 P:836,unresolved_db_player
Frank McMillan,1923,1934,11,1,1,12,61,8,270,,0,0,,,,1,8,120,0,3,270,0,0,players/F/Frank_McMillan.html,Frank McMillan 1923-1934 T:8 P:270,unresolved_db_player
Eddie Root,1923,1935,12,1,3,10,39,44,136,,0,0,,,,1,44,2,0,0,136,0,0,players/E/Eddie_Root.html,Eddie Root 1923-1935 T:44 P:136,unresolved_db_player
Cec Fifield,1923,1938,15,1,9,5,20,20,76,,0,0,,,,1,20,8,0,0,76,0,0,players/C/Cec_Fifield.html,Cec Fifield 1923-1938 T:20 P:76,unresolved_db_player | large_career_gap
Jim Bell,1924,1990,66,1,63,4,16,8,24,,0,0,,,,1,8,0,0,0,24,0,0,players/J/Jim_BellNT.html,Jim Bell 1924-1927 T:8 P:24,unresolved_db_player | large_career_gap | missing_afltables_games_record
Norm Pope,1927,1938,11,1,6,6,17,18,58,,0,0,,,,1,18,2,0,0,58,0,0,players/N/Norm_Pope.html,Norm Pope 1927-1938 T:18 P:58,unresolved_db_player | large_career_gap
Percy Fairall,1929,1940,11,1,2,11,29,26,108,,0,0,,,,1,26,15,0,0,108,0,0,players/P/Percy_Fairall.html,Percy Fairall 1929-1940 T:26 P:108,unresolved_db_player
Ray Stehr,1929,1945,16,1,4,11,17,16,56,,0,0,,,,1,16,4,0,0,56,0,0,players/R/Ray_Stehr.html,Ray Stehr 1929-1945 T:16 P:56,unresolved_db_player
Dave Brown [1930-1941],1930,1941,11,0,3,10,77,93,667,,0,0,,,,0,0,0,0,0,0,,,,,missing_afltables_points_record
Grantley Bennett,1930,1941,11,1,2,11,34,39,117,,0,0,,,,1,39,0,0,0,117,0,0,players/G/Grantley_Bennett.html,Grantley Bennett 1930-1941 T:39 P:117,unresolved_db_player
Joe Pearce,1930,1941,11,1,1,12,38,33,127,,0,0,,,,1,33,14,0,0,127,0,0,players/J/Joe_Pearce.html,Joe Pearce 1930-1941 T:33 P:127,unresolved_db_player
Frank Sponberg,1932,1944,12,1,2,11,27,30,90,,0,0,,,,1,30,0,0,0,90,0,0,players/F/Frank_Sponberg.html,Frank Sponberg 1932-1944 T:30 P:90,unresolved_db_player
Harry Pierce,1933,1944,11,1,2,11,46,60,180,,0,0,,,,1,60,0,0,0,180,0,0,players/H/Harry_Pierce.html,Harry Pierce 1933-1944 T:60 P:180,unresolved_db_player
Norm Tipping,1933,1944,11,1,11,2,2,1,5,,0,0,,,,1,1,1,0,0,5,0,0,players/N/Norm_Tipping.html,Norm Tipping 1933-1944 T:1 P:5,unresolved_db_player | large_career_gap
Doug Deitz,1933,1945,12,1,3,9,38,10,190,,0,0,,,,1,10,80,0,0,190,0,0,players/D/Doug_Deitz.html,Doug Deitz 1933-1945 T:10 P:190,unresolved_db_player
Sid Goodwin,1933,1945,12,1,1,13,87,128,388,,0,0,,,,1,128,2,0,0,388,0,0,players/S/Sid_Goodwin.html,Sid Goodwin 1933-1945 T:128 P:388,unresolved_db_player
Henry Porter,1933,1947,14,1,6,8,18,9,63,,0,0,,,,1,9,18,0,0,63,0,0,players/H/Henry_Porter.html,Henry Porter 1933-1947 T:9 P:63,unresolved_db_player | large_career_gap
Vic Hey,1933,1949,16,1,13,5,14,21,65,,0,0,,,,1,21,1,0,0,65,0,0,players/V/Vic_Hey.html,Vic Hey 1933-1949 T:21 P:65,unresolved_db_player | large_career_gap
Rex Harrison,1934,1946,12,1,3,11,51,38,250,,0,0,,,,1,38,68,0,0,250,0,0,players/R/Rex_Harrison.html,Rex Harrison 1934-1946 T:38 P:250,unresolved_db_player
Eddie Burns,1935,1950,15,1,3,14,55,61,199,,0,0,,,,1,61,8,0,0,199,0,0,players/E/Eddie_Burns.html,Eddie Burns 1935-1950 T:61 P:199,unresolved_db_player
Alan Quinlivan,1936,1947,11,1,3,9,35,45,145,,0,0,,,,1,45,5,0,0,145,0,0,players/A/Alan_Quinlivan.html,Alan Quinlivan 1936-1947 T:45 P:145,unresolved_db_player
George Kilham,1936,1947,11,1,3,9,30,32,96,,0,0,,,,1,32,0,0,0,96,0,0,players/G/George_Kilham.html,George Kilham 1936-1947 T:32 P:96,unresolved_db_player
Jack Arnold,1936,1947,11,1,2,9,28,23,115,,0,0,,,,1,23,23,0,0,115,0,0,players/J/Jack_Arnold.html,Jack Arnold 1936-1947 T:23 P:115,unresolved_db_player
Tom Kirk,1936,1947,11,1,2,11,133,22,1042,,0,0,,,,1,22,488,0,0,1042,0,0,players/T/Tom_Kirk.html,Tom Kirk 1936-1947 T:22 P:1042,unresolved_db_player
Arthur Patton,1937,1948,11,1,4,9,67,95,303,,0,0,,,,1,95,9,0,0,303,0,0,players/A/Arthur_Patton.html,Arthur Patton 1937-1948 T:95 P:303,unresolved_db_player
Herb Narvo,1937,1949,12,1,6,6,23,18,84,,0,0,,,,1,18,15,0,0,84,0,0,players/H/Herb_Narvo.html,Herb Narvo 1937-1949 T:18 P:84,unresolved_db_player | large_career_gap
Bill Keato,1938,1950,12,1,2,11,105,6,776,,0,0,,,,1,6,379,0,0,776,0,0,players/B/Bill_Keato.html,Bill Keato 1938-1950 T:6 P:776,unresolved_db_player
Frank Farrell,1939,1951,12,1,2,12,24,24,72,,0,0,,,,1,24,0,0,0,72,0,0,players/F/Frank_Farrell.html,Frank Farrell 1939-1951 T:24 P:72,unresolved_db_player
Johnny Bliss,1942,1953,11,1,2,11,54,80,240,,0,0,,,,1,80,0,0,0,240,0,0,players/J/Johnny_Bliss.html,Johnny Bliss 1942-1953 T:80 P:240,unresolved_db_player
Tommy Kaine,1942,1953,11,1,5,7,18,20,62,,0,0,,,,1,20,1,0,0,62,0,0,players/T/Tommy_Kaine.html,Tommy Kaine 1942-1953 T:20 P:62,unresolved_db_player | large_career_gap
Harry Bath,1946,1959,13,1,10,5,60,21,543,,0,0,,,,1,21,240,0,0,543,0,0,players/H/Harry_Bath.html,Harry Bath 1946-1959 T:21 P:543,unresolved_db_player | large_career_gap
Clive Churchill,1947,1958,11,1,1,12,44,13,193,,0,0,,,,1,13,73,0,4,193,0,0,players/C/Clive_Churchill.html,Clive Churchill 1947-1958 T:13 P:193,unresolved_db_player
Ken McCaffery,1948,1959,11,1,7,6,25,22,88,,0,0,,,,1,22,11,0,0,88,0,0,players/K/Ken_McCaffery.html,Ken McCaffery 1948-1959 T:22 P:88,unresolved_db_player | large_career_gap
Bernie Purcell,1948,1960,12,1,2,12,147,38,1154,,0,0,,,,1,38,520,0,0,1154,0,0,players/B/Bernie_Purcell.html,Bernie Purcell 1948-1960 T:38 P:1154,unresolved_db_player
Darcy Russell,1948,1960,12,1,6,8,120,19,1045,,0,0,,,,1,19,493,0,1,1045,0,0,players/D/Darcy_Russell.html,Darcy Russell 1948-1960 T:19 P:1045,unresolved_db_player | large_career_gap
Neville Charlton,1948,1962,14,1,1,15,48,51,161,,0,0,,,,1,51,4,0,0,161,0,0,players/N/Neville_Charlton.html,Neville Charlton 1948-1962 T:51 P:161,unresolved_db_player
Ron Willey,1948,1964,16,1,3,15,171,26,1288,,0,0,,,,1,26,602,0,3,1288,0,0,players/R/Ron_Willey.html,Ron Willey 1948-1964 T:26 P:1288,unresolved_db_player
Billy Wilson,1948,1967,19,1,3,13,21,20,62,,0,0,,,,1,20,1,0,0,62,0,0,players/B/Billy_Wilson.html,Billy Wilson 1948-1967 T:20 P:62,unresolved_db_player
Keith Holman,1949,1961,12,1,1,13,81,70,380,,0,0,,,,1,70,84,0,1,380,0,0,players/K/Keith_Holman.html,Keith Holman 1949-1961 T:70 P:380,unresolved_db_player
Norm Strong,1949,1962,13,1,4,5,10,10,30,,0,0,,,,1,10,0,0,0,30,0,0,players/N/Norm_Strong.html,Norm Strong 1949-1962 T:10 P:30,unresolved_db_player
Bruce Burgess,1950,1983,33,1,31,4,11,10,30,,0,0,,,,1,10,0,0,0,30,0,0,players/B/Bruce_BurgessSG.html,Bruce Burgess 1950-1951 T:10 P:30,unresolved_db_player | large_career_gap | missing_afltables_games_record
Norm Provan,1951,1965,14,1,1,15,52,64,194,,0,0,,,,1,64,1,0,0,194,0,0,players/N/Norm_Provan.html,Norm Provan 1951-1965 T:64 P:194,unresolved_db_player
Ron Smith,1951,1987,36,1,36,2,4,2,6,,0,0,,,,1,2,0,0,0,6,0,0,players/R/Ron_SmithCB.html,Ron Smith 1951 T:2 P:6,unresolved_db_player | large_career_gap | missing_afltables_games_record
Fred Anderson,1952,1966,14,1,2,11,21,22,66,,0,0,,,,1,22,0,0,0,66,0,0,players/F/Fred_Anderson.html,Fred Anderson 1952-1966 T:22 P:66,unresolved_db_player
Ray Gartner,1953,1964,11,1,2,11,41,46,138,,0,0,,,,1,46,0,0,0,138,0,0,players/R/Ray_Gartner.html,Ray Gartner 1953-1964 T:46 P:138,unresolved_db_player
Bob Bugden,1954,1965,11,1,1,12,71,72,282,,0,0,,,,1,72,33,0,0,282,0,0,players/B/Bob_Bugden.html,Bob Bugden 1954-1965 T:72 P:282,unresolved_db_player
Brian Clay,1954,1967,13,1,2,12,36,43,129,,0,0,,,,1,43,0,0,0,129,0,0,players/B/Brian_Clay.html,Brian Clay 1954-1967 T:43 P:129,unresolved_db_player
Eddie Lumsden,1955,1966,11,1,2,11,90,137,445,,0,0,,,,1,137,17,0,0,445,0,0,players/E/Eddie_Lumsden.html,Eddie Lumsden 1955-1966 T:137 P:445,unresolved_db_player
Keith Barnes,1955,1968,13,1,1,14,169,11,1509,,0,0,,,,1,11,742,0,1,1519,0,-10,players/K/Keith_Barnes.html,Keith Barnes 1955-1968 T:11 P:1519,unresolved_db_player | points_mismatch
Clive Gartner,1956,1967,11,1,4,5,12,16,48,,0,0,,,,1,16,0,0,0,48,0,0,players/C/Clive_Gartner.html,Clive Gartner 1956-1967 T:16 P:48,unresolved_db_player
Eric Sladden,1956,1967,11,1,1,12,57,80,240,,0,0,,,,1,80,0,0,0,240,0,0,players/E/Eric_Sladden.html,Eric Sladden 1956-1967 T:80 P:240,unresolved_db_player
Peter Provan,1956,1969,13,1,4,8,14,14,42,,0,0,,,,1,14,0,0,0,42,0,0,players/P/Peter_Provan.html,Peter Provan 1956-1969 T:14 P:42,unresolved_db_player
Johnny Raper,1957,1969,12,1,1,13,50,57,179,,0,0,,,,1,57,0,0,4,179,0,0,players/J/Johnny_Raper.html,Johnny Raper 1957-1969 T:57 P:179,unresolved_db_player
Bob Landers,1959,1970,11,1,2,11,148,59,1057,,0,0,,,,1,59,440,0,0,1057,0,0,players/B/Bob_Landers.html,Bob Landers 1959-1970 T:59 P:1057,unresolved_db_player
Laurie Fagan,1959,1970,11,1,1,12,37,29,143,,0,0,,,,1,29,24,0,4,143,0,0,players/L/Laurie_Fagan.html,Laurie Fagan 1959-1970 T:29 P:143,unresolved_db_player
Bob Batty,1959,1971,12,1,2,12,166,40,1150,,0,0,,,,1,40,497,4,16,1150,0,0,players/B/Bob_Batty.html,Bob Batty 1959-1971 T:40 P:1150,unresolved_db_player
Dave Barsley,1959,1971,12,1,2,12,105,51,557,,0,0,,,,1,51,199,0,3,557,0,0,players/D/Dave_Barsley.html,Dave Barsley 1959-1971 T:51 P:557,unresolved_db_player
Ken Irvine,1959,1973,14,1,2,14,148,212,778,,0,0,,,,1,212,70,0,1,778,0,0,players/K/Ken_Irvine.html,Ken Irvine 1959-1973 T:212 P:778,unresolved_db_player
Johnny King,1960,1971,11,1,1,12,105,143,443,,0,0,,,,1,143,7,0,0,443,0,0,players/J/Johnny_King.html,Johnny King 1960-1971 T:143 P:443,unresolved_db_player
Brian Moore,1962,1973,11,1,1,12,71,90,270,,0,0,,,,1,90,0,0,0,270,0,0,players/B/Brian_Moore.html,Brian Moore 1962-1973 T:90 P:270,unresolved_db_player
Ron Lynch,1962,1973,11,1,2,11,30,38,114,,0,0,,,,1,38,0,0,0,114,0,0,players/R/Ron_Lynch.html,Ron Lynch 1962-1973 T:38 P:114,unresolved_db_player
Graeme Langlands,1963,1976,13,1,1,14,178,86,1540,,0,0,,,,1,86,648,0,0,1554,0,-14,players/G/Graeme_Langlands.html,Graeme Langlands 1963-1976 T:86 P:1554,unresolved_db_player | points_mismatch
Bob McCarthy,1963,1977,14,1,2,14,91,119,358,,0,0,,,,1,119,0,1,0,358,0,0,players/B/Bob_McCarthy.html,Bob McCarthy 1963-1977 T:119 P:358,unresolved_db_player
Greg Hay,1963,1983,20,1,20,2,2,1,3,,0,0,,,,1,1,0,0,0,3,0,0,players/G/Greg_Hay.html,Greg Hay 1963-1983 T:1 P:3,unresolved_db_player | large_career_gap | missing_afltables_games_record
Kevin Junee,1964,1975,11,1,1,12,78,98,296,,0,0,,,,1,98,0,0,1,296,0,0,players/K/Kevin_Junee.html,Kevin Junee 1964-1975 T:98 P:296,unresolved_db_player
Ron Coote,1964,1978,14,1,1,15,74,88,264,,0,0,,,,1,88,0,0,0,264,0,0,players/R/Ron_Coote.html,Ron Coote 1964-1978 T:88 P:264,unresolved_db_player
Bill Hamilton,1966,1978,12,1,2,10,23,25,75,,0,0,,,,1,25,0,0,0,75,0,0,players/B/Bill_Hamilton.html,Bill Hamilton 1966-1978 T:25 P:75,unresolved_db_player
Bob Fulton,1966,1979,13,1,1,14,139,149,603,,0,0,,,,1,147,26,11,47,598,2,5,players/B/Bob_Fulton.html,Bob Fulton 1966-1979 T:147 P:598,unresolved_db_player | tries_mismatch | points_mismatch
Arthur Beetson,1966,1980,14,1,1966,13,35,24,74,,0,0,,,,1,24,0,0,1,74,0,0,players/A/Arthur_Beetson.html,Arthur Beetson 1966-1980 T:24 P:74,unresolved_db_player | large_career_gap | missing_afltables_games_record
John McMartin,1967,1978,11,1,2,10,17,17,51,,0,0,,,,1,17,0,0,0,51,0,0,players/J/John_McMartin.html,John McMartin 1967-1978 T:17 P:51,unresolved_db_player
Bob O'Reilly,1968,1982,14,1,2,14,81,37,111,,0,0,,,,1,37,0,0,0,111,0,0,players/B/Bob_OReilly.html,Bob O'Reilly 1968-1982 T:37 P:111,unresolved_db_player | missing_afltables_games_record
Mick Alchin,1968,1985,17,1,12,6,23,30,90,,0,0,,,,1,30,0,0,0,90,0,0,players/M/Mick_AlchinWS.html,Mick Alchin 1968-1973 T:30 P:90,unresolved_db_player | large_career_gap | missing_afltables_games_record
Greg Pierce [1969-1980],1969,1980,11,0,2,11,44,35,105,,0,0,,,,0,0,0,0,0,0,,,,,missing_afltables_games_record | missing_afltables_points_record
Gary Sullivan,1970,1981,11,1,6,7,16,17,51,,0,0,,,,1,17,0,0,0,51,0,0,players/G/Gary_SullivanNT.html,Gary Sullivan 1970-1975 T:17 P:51,unresolved_db_player | large_career_gap | missing_afltables_games_record
Mark Harris,1970,1981,11,1,1,12,102,93,319,,0,0,,,,1,93,20,0,0,319,0,0,players/M/Mark_Harris.html,Mark Harris 1970-1981 T:93 P:319,unresolved_db_player | missing_afltables_games_record
Terry Randall,1970,1982,12,1,2,11,51,21,65,,0,0,,,,1,21,0,0,1,65,0,0,players/T/Terry_Randall.html,Terry Randall 1970-1982 T:21 P:65,unresolved_db_player | missing_afltables_games_record
Tom Raudonikis,1970,1982,12,1,1970,12,65,33,99,,0,0,,,,1,33,0,0,0,99,0,0,players/T/Tom_Raudonikis.html,Tom Raudonikis 1970-1982 T:33 P:99,unresolved_db_player | large_career_gap | missing_afltables_games_record
Max Krilich,1970,1983,13,1,1970,12,109,31,174,,0,0,,,,1,31,39,1,0,174,0,0,players/M/Max_Krilich.html,Max Krilich 1970-1983 T:31 P:174,unresolved_db_player | large_career_gap | missing_afltables_games_record
Terry Murphy,1970,1985,15,1,2,12,67,27,86,,0,0,,,,1,27,0,0,0,86,0,0,players/T/Terry_Murphy.html,Terry Murphy 1970-1985 T:27 P:86,unresolved_db_player | missing_afltables_games_record
Bruce Walker,1971,1983,12,1,1971,14,87,50,150,,0,0,,,,1,50,0,0,0,150,0,0,players/B/Bruce_Walker.html,Bruce Walker 1971-1983 T:50 P:150,unresolved_db_player | large_career_gap | missing_afltables_games_record
Graham Eadie,1971,1983,12,1,1,13,219,71,1914,,1,218,1,players/G/Graham_Eadie.html,Graham Eadie 1971-1983 G:218,1,71,847,3,0,1917,0,-3,players/G/Graham_Eadie.html,Graham Eadie 1971-1983 T:71 P:1917,unresolved_db_player | games_mismatch | points_mismatch
Ken Wilson,1971,1983,12,1,2,12,184,32,1261,,0,0,,,,1,32,564,33,0,1261,0,0,players/K/Ken_Wilson.html,Ken Wilson 1971-1983 T:32 P:1261,unresolved_db_player | missing_afltables_games_record
Chris Anderson,1972,1984,12,1,1972,14,128,94,303,,0,0,,,,1,94,0,0,0,303,0,0,players/C/Chris_Anderson.html,Chris Anderson 1972-1984 T:94 P:303,unresolved_db_player | large_career_gap | missing_afltables_games_record
Rod Reddy,1972,1985,13,1,1972,15,139,66,202,,0,0,,,,1,66,1,0,0,202,0,0,players/R/Rod_Reddy.html,Rod Reddy 1972-1985 T:66 P:202,unresolved_db_player | large_career_gap | missing_afltables_games_record
Alan Thompson,1973,1984,11,1,1973,13,148,62,199,,0,0,,,,1,62,0,2,0,199,0,0,players/A/Alan_Thompson.html,Alan Thompson 1973-1984 T:62 P:199,unresolved_db_player | large_career_gap | missing_afltables_games_record
Steve Rogers,1973,1985,12,1,1973,14,198,91,1367,,0,0,,,,1,90,544,10,0,1376,1,-9,players/S/Steve_Rogers.html,Steve Rogers 1973-1985 T:90 P:1376,unresolved_db_player | large_career_gap | missing_afltables_games_record | tries_mismatch | points_mismatch
Mark Levy,1974,1985,11,1,1,12,150,41,539,,0,0,,,,1,41,203,1,0,539,0,0,players/M/Mark_Levy.html,Mark Levy 1974-1985 T:41 P:539,unresolved_db_player | missing_afltables_games_record
Ron Giteau,1974,1986,12,1,2,12,189,66,1278,,0,0,,,,1,66,530,6,0,1278,0,0,players/R/Ron_Giteau.html,Ron Giteau 1974-1986 T:66 P:1278,unresolved_db_player | missing_afltables_games_record
Geoff Gerard,1974,1989,15,1,1974,16,235,39,157,,1,235,0,players/G/Geoff_Gerard.html,Geoff Gerard 1974-1989 G:235,1,39,18,0,0,157,0,0,players/G/Geoff_Gerard.html,Geoff Gerard 1974-1989 T:39 P:157,unresolved_db_player | large_career_gap
John Dorahy,1974,1989,15,1,2,14,203,54,1292,,1,203,0,players/J/John_Dorahy.html,John Dorahy 1974-1989 G:203,1,54,554,11,0,1294,0,-2,players/J/John_Dorahy.html,John Dorahy 1974-1989 T:54 P:1294,unresolved_db_player | points_mismatch
Greg Mullane,1975,1986,11,1,2,11,103,39,125,,0,0,,,,1,39,0,0,0,125,0,0,players/G/Greg_Mullane.html,Greg Mullane 1975-1986 T:39 P:125,unresolved_db_player | missing_afltables_games_record
Ian Schubert,1975,1989,14,1,1,15,195,62,446,,0,0,,,,1,62,126,1,0,446,0,0,players/I/Ian_Schubert.html,Ian Schubert 1975-1989 T:62 P:446,unresolved_db_player | missing_afltables_games_record
Russel Gartner,1975,1989,14,1,2,14,174,74,254,,0,0,,,,1,75,0,0,0,257,-1,-3,players/R/Russel_Gartner.html,Russel Gartner 1975-1989 T:75 P:257,unresolved_db_player | missing_afltables_games_record | tries_mismatch | points_mismatch
Graeme Atkins,1976,1987,11,1,1,12,127,48,204,,0,0,,,,1,47,22,1,0,201,1,3,players/G/Graeme_Atkins.html,Graeme Atkins 1976-1987 T:47 P:201,unresolved_db_player | missing_afltables_games_record | tries_mismatch | points_mismatch
Kevin Hastings,1976,1987,11,1,1976,13,181,50,290,,0,0,,,,1,50,58,17,0,290,0,0,players/K/Kevin_Hastings.html,Kevin Hastings 1976-1987 T:50 P:290,unresolved_db_player | large_career_gap | missing_afltables_games_record
Terry Fahey,1976,1987,11,1,1976,12,155,97,375,,0,0,,,,1,97,28,0,0,375,0,0,players/T/Terry_Fahey.html,Terry Fahey 1976-1987 T:97 P:375,unresolved_db_player | large_career_gap | missing_afltables_games_record
Steve Mortimer,1976,1988,12,1,1976,14,211,79,270,,1,211,0,players/S/Steve_Mortimer.html,Steve Mortimer 1976-1988 G:211,1,79,0,5,0,270,0,0,players/S/Steve_Mortimer.html,Steve Mortimer 1976-1988 T:79 P:270,unresolved_db_player | large_career_gap
Dane Sorensen,1977,1989,12,1,2,12,179,16,186,,0,0,,,,1,16,66,0,0,186,0,0,players/D/Dane_Sorensen.html,Dane Sorensen 1977-1989 T:16 P:186,unresolved_db_player | missing_afltables_games_record
Peter Tunks,1977,1990,13,1,1977,15,208,42,146,,1,208,0,players/P/Peter_Tunks.html,Peter Tunks 1977-1990 G:208,1,42,0,0,0,146,0,0,players/P/Peter_Tunks.html,Peter Tunks 1977-1990 T:42 P:146,unresolved_db_player | large_career_gap
Gavin Miller,1977,1992,15,1,1977,14,187,14,51,,0,0,,,,1,14,1,1,0,51,0,0,players/G/Gavin_Miller.html,Gavin Miller 1977-1992 T:14 P:51,unresolved_db_player | large_career_gap | missing_afltables_games_record
Col Murphy,1977,1993,16,1,8,7,40,4,13,,0,0,,,,1,4,0,0,0,13,0,0,players/C/Col_MurphyNT.html,Col Murphy 1977-1985 T:4 P:13,unresolved_db_player | large_career_gap | missing_afltables_games_record
Chris Mortimer,1978,1990,12,1,1978,14,241,35,209,,1,241,0,players/C/Chris_Mortimer.html,Chris Mortimer 1978-1990 G:241,1,35,41,1,0,209,0,0,players/C/Chris_Mortimer.html,Chris Mortimer 1978-1990 T:35 P:209,unresolved_db_player | large_career_gap
Larry Corowa,1978,1991,13,1,8,7,86,66,207,,0,0,,,,1,66,0,0,0,207,0,0,players/L/Larry_Corowa.html,Larry Corowa 1978-1991 T:66 P:207,unresolved_db_player | large_career_gap | missing_afltables_games_record
Kerry Boustead,1979,1990,11,1,1979,12,169,70,248,,0,0,,,,1,70,0,0,0,248,0,0,players/K/Kerry_Boustead.html,Kerry Boustead 1979-1990 T:70 P:248,unresolved_db_player | large_career_gap | missing_afltables_games_record
Peter Wynn,1979,1990,11,1,1979,13,169,42,148,,0,0,,,,1,42,0,0,0,148,0,0,players/P/Peter_Wynn.html,Peter Wynn 1979-1990 T:42 P:148,unresolved_db_player | large_career_gap | missing_afltables_games_record
Steve Morris,1979,1990,11,1,1979,13,237,122,437,,1,237,0,players/S/Steve_Morris.html,Steve Morris 1979-1990 G:237,1,122,0,0,0,437,0,0,players/S/Steve_Morris.html,Steve Morris 1979-1990 T:122 P:437,unresolved_db_player | large_career_gap
Paul Vautin,1979,1991,12,1,1979,14,220,21,78,,1,220,0,players/P/Paul_Vautin.html,Paul Vautin 1979-1991 G:220,1,21,2,2,0,78,0,0,players/P/Paul_Vautin.html,Paul Vautin 1979-1991 T:21 P:78,unresolved_db_player | large_career_gap
Steve Folkes,1979,1991,12,1,1979,13,226,47,167,,1,226,0,players/S/Steve_Folkes.html,Steve Folkes 1979-1991 G:226,1,47,0,0,0,167,0,0,players/S/Steve_Folkes.html,Steve Folkes 1979-1991 T:47 P:167,unresolved_db_player | large_career_gap
Graeme Wynn,1979,1992,13,1,1979,15,225,48,408,,1,225,0,players/G/Graeme_Wynn.html,Graeme Wynn 1979-1992 G:225,1,48,120,0,0,408,0,0,players/G/Graeme_Wynn.html,Graeme Wynn 1979-1992 T:48 P:408,unresolved_db_player | large_career_gap
Chris Close,1980,1991,11,1,1982,11,166,43,170,,0,0,,,,1,43,0,0,0,170,0,0,players/C/Chris_Close.html,Chris Close 1982-1991 T:43 P:170,unresolved_db_player | large_career_gap | missing_afltables_games_record
Mark Ross,1980,1991,11,1,2,11,124,38,253,,0,0,,,,1,38,59,1,0,253,0,0,players/M/Mark_Ross.html,Mark Ross 1980-1991 T:38 P:253,unresolved_db_player | missing_afltables_games_record
Pat Jarvis,1980,1991,11,1,1980,13,212,10,39,,1,212,0,players/P/Pat_Jarvis.html,Pat Jarvis 1980-1991 G:212,1,10,0,0,0,39,0,0,players/P/Pat_Jarvis.html,Pat Jarvis 1980-1991 T:10 P:39,unresolved_db_player | large_career_gap
Royce Simmons,1980,1991,11,1,1980,13,235,15,61,,1,235,0,players/R/Royce_Simmons.html,Royce Simmons 1980-1991 G:235,1,15,1,3,0,61,0,0,players/R/Royce_Simmons.html,Royce Simmons 1980-1991 T:15 P:61,unresolved_db_player | large_career_gap
Michael Beattie,1980,1992,12,1,1,13,210,62,241,,1,210,0,players/M/Michael_Beattie.html,Michael Beattie 1980-1992 G:210,1,62,0,3,0,241,0,0,players/M/Michael_Beattie.html,Michael Beattie 1980-1992 T:62 P:241,unresolved_db_player
Peter Sterling,1980,1992,12,1,1980,14,220,48,190,,1,220,0,players/P/Peter_Sterling.html,Peter Sterling 1980-1992 G:220,1,48,1,15,0,190,0,0,players/P/Peter_Sterling.html,Peter Sterling 1980-1992 T:48 P:190,unresolved_db_player | large_career_gap
Wally Lewis,1980,1992,12,1,1988,6,80,26,132,,0,0,,,,1,26,14,0,0,132,0,0,players/W/Wally_Lewis.html,Wally Lewis 1988-1992 T:26 P:132,unresolved_db_player | large_career_gap | missing_afltables_games_record
Brett Kenny,1980,1993,13,1,1980,15,264,110,410,,1,264,0,players/B/Brett_Kenny.html,Brett Kenny 1980-1993 G:264,1,110,0,0,0,410,0,0,players/B/Brett_Kenny.html,Brett Kenny 1980-1993 T:110 P:410,unresolved_db_player | large_career_gap
Mal Meninga,1980,1994,14,1,1986,10,166,74,864,,0,0,,,,1,74,283,2,0,864,0,0,players/M/Mal_Meninga.html,Mal Meninga 1986-1994 T:74 P:864,unresolved_db_player | large_career_gap | missing_afltables_games_record
Terry Lamb,1980,1996,16,1,1980,18,350,164,1442,,1,350,0,players/T/Terry_Lamb.html,Terry Lamb 1980-1996 G:350,1,164,386,44,0,1442,0,0,players/T/Terry_Lamb.html,Terry Lamb 1980-1996 T:164 P:1442,unresolved_db_player | large_career_gap
Tony Rampling,1981,1992,11,1,1981,12,113,6,22,,0,0,,,,1,6,0,0,0,22,0,0,players/T/Tony_Rampling.html,Tony Rampling 1981-1992 T:6 P:22,unresolved_db_player | large_career_gap | missing_afltables_games_record
Andrew Farrar,1981,1994,13,1,1981,14,249,49,266,,1,249,0,players/A/Andrew_Farrar.html,Andrew Farrar 1981-1994 G:249,1,49,34,3,0,266,0,0,players/A/Andrew_Farrar.html,Andrew Farrar 1981-1994 T:49 P:266,unresolved_db_player | large_career_gap
Garry Jack,1981,1995,14,1,3,13,247,61,239,,1,247,0,players/G/Garry_Jack.html,Garry Jack 1981-1995 G:247,1,61,1,1,0,239,0,0,players/G/Garry_Jack.html,Garry Jack 1981-1995 T:61 P:239,unresolved_db_player
Mario Fenech,1981,1995,14,1,1981,16,272,22,88,,1,272,0,players/M/Mario_Fenech.html,Mario Fenech 1981-1995 G:272,1,22,0,1,0,88,0,0,players/M/Mario_Fenech.html,Mario Fenech 1981-1995 T:22 P:88,unresolved_db_player | large_career_gap
Benny Elias,1982,1994,12,1,1982,14,232,36,181,,1,232,0,players/B/Benny_Elias.html,Benny Elias 1982-1994 G:232,1,36,4,33,0,181,0,0,players/B/Benny_Elias.html,Benny Elias 1982-1994 T:36 P:181,unresolved_db_player | large_career_gap
Craig Coleman,1982,1996,14,1,2,14,266,30,128,,1,266,0,players/C/Craig_Coleman.html,Craig Coleman 1982-1996 G:266,1,30,0,8,0,128,0,0,players/C/Craig_Coleman.html,Craig Coleman 1982-1996 T:30 P:128,unresolved_db_player
Ricky Walford,1982,1996,14,1,1982,16,230,116,966,,1,230,0,players/R/Ricky_Walford.html,Ricky Walford 1982-1996 G:230,1,116,253,0,0,966,0,0,players/R/Ricky_Walford.html,Ricky Walford 1982-1996 T:116 P:966,unresolved_db_player | large_career_gap
Des Hasler,1982,1997,15,1,1982,16,288,83,333,,1,288,0,players/D/Des_Hasler.html,Des Hasler 1982-1997 G:288,1,83,1,0,0,333,0,0,players/D/Des_Hasler.html,Des Hasler 1982-1997 T:83 P:333,unresolved_db_player | large_career_gap
Michael Davis,1982,1997,15,1,13,3,11,2,7,,0,0,,,,1,2,0,0,0,7,0,0,players/M/Michael_DavisPR.html,Michael Davis 1982-1984 T:2 P:7,unresolved_db_player | large_career_gap | missing_afltables_games_record
Phil Blake,1982,1997,15,1,1982,17,265,138,574,,1,265,0,players/P/Phil_Blake.html,Phil Blake 1982-1997 G:265,1,138,8,15,0,574,0,0,players/P/Phil_Blake.html,Phil Blake 1982-1997 T:138 P:574,unresolved_db_player | large_career_gap
Steve Collins,1982,1997,15,1,13,4,32,11,44,,0,0,,,,1,11,0,0,0,44,0,0,players/S/Steve_CollinsCN.html,Steve Collins 1996-1997 T:11 P:44,unresolved_db_player | large_career_gap | missing_afltables_games_record
Craig Dimond,1983,1994,11,1,1,12,179,22,88,,0,0,,,,1,22,0,0,0,88,0,0,players/C/Craig_Dimond.html,Craig Dimond 1983-1994 T:22 P:88,unresolved_db_player | missing_afltables_games_record
John Elias,1983,1994,11,1,2,10,133,14,56,,0,0,,,,1,14,0,0,0,56,0,0,players/J/John_Elias.html,John Elias 1983-1994 T:14 P:56,unresolved_db_player | missing_afltables_games_record
Michael Neil,1983,1994,11,1,1,12,167,26,104,,0,0,,,,1,26,0,0,0,104,0,0,players/M/Michael_Neil.html,Michael Neil 1983-1994 T:26 P:104,unresolved_db_player | missing_afltables_games_record
Laurie Spina,1983,1995,12,1,5,9,170,36,146,,0,0,,,,1,36,1,0,0,146,0,0,players/L/Laurie_Spina.html,Laurie Spina 1983-1995 T:36 P:146,unresolved_db_player | large_career_gap | missing_afltables_games_record
Michael Speechley,1983,1995,12,1,1,13,174,20,86,,0,0,,,,1,20,1,4,0,86,0,0,players/M/Michael_Speechley.html,Michael Speechley 1983-1995 T:20 P:86,unresolved_db_player | missing_afltables_games_record
Gavin Jones,1983,1996,13,1,1986,11,136,2,8,,0,0,,,,1,2,0,0,0,8,0,0,players/G/Gavin_Jones.html,Gavin Jones 1986-1996 T:2 P:8,unresolved_db_player | large_career_gap | missing_afltables_games_record
Mick Potter,1983,1996,13,1,1983,14,201,29,116,,1,201,0,players/M/Mick_Potter.html,Mick Potter 1983-1996 G:201,1,29,0,0,0,116,0,0,players/M/Mick_Potter.html,Mick Potter 1983-1996 T:29 P:116,unresolved_db_player | large_career_gap
John McArthur,1984,1995,11,1,1,12,178,37,275,,0,0,,,,1,37,62,3,0,275,0,0,players/J/John_McArthur.html,John McArthur 1984-1995 T:37 P:275,unresolved_db_player | missing_afltables_games_record
Mark McGaw,1984,1995,11,1,1984,13,194,42,168,,0,0,,,,1,42,0,0,0,168,0,0,players/M/Mark_McGaw.html,Mark McGaw 1984-1995 T:42 P:168,unresolved_db_player | large_career_gap | missing_afltables_games_record
Michael Wicks,1984,1995,11,1,8,5,24,0,0,,0,0,,,,0,0,0,0,0,0,,,,,unresolved_db_player | large_career_gap | missing_afltables_games_record | missing_afltables_points_record
Paul Clarke,1984,1995,11,1,1,12,186,6,24,,0,0,,,,1,6,0,0,0,24,0,0,players/P/Paul_Clarke.html,Paul Clarke 1984-1995 T:6 P:24,unresolved_db_player | missing_afltables_games_record
Chris Johns,1984,1996,12,1,1984,14,223,57,228,,1,223,0,players/C/Chris_Johns.html,Chris Johns 1984-1996 G:223,1,57,0,0,0,228,0,0,players/C/Chris_Johns.html,Chris Johns 1984-1996 T:57 P:228,unresolved_db_player | large_career_gap
Paul Dunn,1984,1996,12,1,1984,14,253,8,32,,1,253,0,players/P/Paul_Dunn.html,Paul Dunn 1984-1996 G:253,1,8,0,0,0,32,0,0,players/P/Paul_Dunn.html,Paul Dunn 1984-1996 T:8 P:32,unresolved_db_player | large_career_gap
David Gillespie,1984,1997,13,1,1984,15,255,17,68,,1,255,0,players/D/David_Gillespie.html,David Gillespie 1984-1997 G:255,1,17,0,0,0,68,0,0,players/D/David_Gillespie.html,David Gillespie 1984-1997 T:17 P:68,unresolved_db_player | large_career_gap
Steve Stone,1984,1997,13,1,6,9,81,10,40,,0,0,,,,1,10,0,0,0,40,0,0,players/S/Steve_StoneCN.html,Steve Stone 1990-1997 T:10 P:40,unresolved_db_player | large_career_gap | missing_afltables_games_record
John Cartwright,1985,1996,11,1,1985,13,185,14,56,,0,0,,,,1,14,0,0,0,56,0,0,players/J/John_Cartwright.html,John Cartwright 1985-1996 T:14 P:56,unresolved_db_player | large_career_gap | missing_afltables_games_record
Marc Glanville,1985,1997,12,1,1,13,198,17,69,,0,0,,,,1,17,0,1,0,69,0,0,players/M/Marc_Glanville.html,Marc Glanville 1985-1997 T:17 P:69,unresolved_db_player | missing_afltables_games_record
Martin Bella,1986,1997,11,1,1986,13,234,7,28,,1,234,0,players/M/Martin_Bella.html,Martin Bella 1986-1997 G:234,1,7,0,0,0,28,0,0,players/M/Martin_Bella.html,Martin Bella 1986-1997 T:7 P:28,unresolved_db_player | large_career_gap
Danny Williams [1993-2004],1993,2004,11,0,1,12,212,27,110,,0,0,,,,0,0,0,0,0,0,,,,,missing_afltables_games_record | missing_afltables_points_record
Steven Price [1994-2009],1994,2009,15,0,1994,17,313,35,140,,0,0,,,,0,0,0,0,0,0,,,,,large_career_gap | missing_afltables_games_record | missing_afltables_points_record
Corey Hughes,1998,2009,11,0,1,12,234,27,111,,1,234,0,players/C/Corey_Hughes.html,Corey Hughes 1998-2009 G:234,1,27,1,1,0,111,0,0,players/C/Corey_Hughes.html,Corey Hughes 1998-2009 T:27 P:111,
Craig Fitzgibbon,1998,2009,11,0,1998,13,263,42,1604,,1,263,0,players/C/Craig_Fitzgibbon.html,Craig Fitzgibbon 1998-2009 G:263,1,42,718,0,0,1604,0,0,players/C/Craig_Fitzgibbon.html,Craig Fitzgibbon 1998-2009 T:42 P:1604,large_career_gap
Craig Wing,1998,2009,11,0,1998,13,256,86,346,,1,256,0,players/C/Craig_Wing.html,Craig Wing 1998-2009 G:256,1,86,1,0,0,346,0,0,players/C/Craig_Wing.html,Craig Wing 1998-2009 T:86 P:346,large_career_gap
David Kidwell,1998,2009,11,0,2,12,209,34,136,,1,209,0,players/D/David_Kidwell.html,David Kidwell 1997-2009 G:209,1,34,0,0,0,136,0,0,players/D/David_Kidwell.html,David Kidwell 1997-2009 T:34 P:136,
Hazem El Masri,1998,2009,11,0,1996,15,317,159,2418,,1,317,0,players/H/Hazem_El_Masri.html,Hazem El Masri 1996-2009 G:317,1,159,891,0,0,2418,0,0,players/H/Hazem_El_Masri.html,Hazem El Masri 1996-2009 T:159 P:2418,large_career_gap
Michael De Vere,1998,2009,11,0,1997,10,161,64,1062,,0,0,,,,1,64,403,0,0,1062,0,0,players/M/Michael_De_Vere.html,Michael De Vere 1997-2009 T:64 P:1062,large_career_gap | missing_afltables_games_record
Stacey Jones,1998,2009,11,0,4,12,261,77,674,,1,261,0,players/S/Stacey_Jones.html,Stacey Jones 1995-2009 G:261,1,77,176,14,0,674,0,0,players/S/Stacey_Jones.html,Stacey Jones 1995-2009 T:77 P:674,
Tonie Carroll,1998,2009,11,0,1996,13,218,55,220,,1,218,0,players/T/Tonie_Carroll.html,Tonie Carroll 1996-2009 G:218,1,55,0,0,0,220,0,0,players/T/Tonie_Carroll.html,Tonie Carroll 1996-2009 T:55 P:220,large_career_gap
Wendell Sailor,1998,2009,11,0,1993,12,222,127,510,,1,222,0,players/W/Wendell_Sailor.html,Wendell Sailor 1993-2009 G:222,1,127,1,0,0,510,0,0,players/W/Wendell_Sailor.html,Wendell Sailor 1993-2009 T:127 P:510,large_career_gap
Brett Kimmorley,1998,2010,12,0,1995,17,307,82,729,,1,307,0,players/B/Brett_Kimmorley.html,Brett Kimmorley 1995-2010 G:307,1,82,195,11,0,729,0,0,players/B/Brett_Kimmorley.html,Brett Kimmorley 1995-2010 T:82 P:729,large_career_gap
Craig Stapleton,1998,2010,12,0,3,8,110,5,20,,0,0,,,,1,5,0,0,0,20,0,0,players/C/Craig_Stapleton.html,Craig Stapleton 1998-2010 T:5 P:20,missing_afltables_games_record
Frank Puletua,1998,2010,12,0,1,13,178,4,16,,0,0,,,,1,4,0,0,0,16,0,0,players/F/Frank_Puletua.html,Frank Puletua 1998-2010 T:4 P:16,missing_afltables_games_record
John Skandalis,1998,2010,12,0,3,13,249,19,76,,1,249,0,players/J/John_Skandalis.html,John Skandalis 1996-2010 G:249,1,19,0,0,0,76,0,0,players/J/John_Skandalis.html,John Skandalis 1996-2010 T:19 P:76,
Luke Patten,1998,2010,12,0,1,13,281,100,400,,1,281,0,players/L/Luke_Patten.html,Luke Patten 1998-2010 G:281,1,100,0,0,0,400,0,0,players/L/Luke_Patten.html,Luke Patten 1998-2010 T:100 P:400,
Luke Priddis,1998,2010,12,0,1997,15,315,63,252,,1,315,0,players/L/Luke_Priddis.html,Luke Priddis 1997-2010 G:315,1,63,0,0,0,252,0,0,players/L/Luke_Priddis.html,Luke Priddis 1997-2010 T:63 P:252,large_career_gap
Nathan Cayless,1998,2010,12,0,1,14,259,28,113,,1,259,0,players/N/Nathan_Cayless.html,Nathan Cayless 1997-2010 G:259,1,28,0,1,0,113,0,0,players/N/Nathan_Cayless.html,Nathan Cayless 1997-2010 T:28 P:113,
Scott Logan,1998,2010,12,0,3,12,174,10,40,,0,0,,,,1,10,0,0,0,40,0,0,players/S/Scott_Logan.html,Scott Logan 1996-2010 T:10 P:40,missing_afltables_games_record
Shane Elford,1998,2010,12,0,3,11,148,49,196,,0,0,,,,1,49,0,0,0,196,0,0,players/S/Shane_Elford.html,Shane Elford 1998-2010 T:49 P:196,missing_afltables_games_record
Trent Barrett,1998,2010,12,0,1996,14,235,82,338,,1,235,0,players/T/Trent_Barrett.html,Trent Barrett 1996-2010 G:235,1,82,0,10,0,338,0,0,players/T/Trent_Barrett.html,Trent Barrett 1996-2010 T:82 P:338,large_career_gap
Adam MacDougall,1998,2011,13,0,1995,17,195,92,370,,0,0,,,,1,92,1,0,0,370,0,0,players/A/Adam_MacDougall.html,Adam MacDougall 1995-2011 T:92 P:370,large_career_gap | missing_afltables_games_record
Chris Hicks,1998,2011,13,0,4,11,201,81,492,,1,201,0,players/C/Chris_Hicks.html,Chris Hicks 1997-2011 G:201,1,81,84,0,0,492,0,0,players/C/Chris_Hicks.html,Chris Hicks 1997-2011 T:81 P:492,
Darren Lockyer,1998,2011,13,0,1995,18,355,122,1191,,1,355,0,players/D/Darren_Lockyer.html,Darren Lockyer 1995-2011 G:355,1,122,341,21,0,1191,0,0,players/D/Darren_Lockyer.html,Darren Lockyer 1995-2011 T:122 P:1191,large_career_gap
Luke Stuart,1998,2011,13,0,1,14,242,11,44,,1,242,0,players/L/Luke_Stuart.html,Luke Stuart 1998-2011 G:242,1,11,0,0,0,44,0,0,players/L/Luke_Stuart.html,Luke Stuart 1998-2011 T:11 P:44,
Mat Rogers,1998,2011,13,0,1995,13,200,107,1360,,1,200,0,players/M/Mat_Rogers.html,Mat Rogers 1995-2011 G:200,1,107,465,2,0,1360,0,0,players/M/Mat_Rogers.html,Mat Rogers 1995-2011 T:107 P:1360,large_career_gap
Michael Hodgson,1998,2011,13,0,1,14,204,16,64,,1,204,0,players/M/Michael_Hodgson.html,Michael Hodgson 1998-2011 G:204,1,16,0,0,0,64,0,0,players/M/Michael_Hodgson.html,Michael Hodgson 1998-2011 T:16 P:64,
Preston Campbell,1998,2011,13,0,1,14,268,86,903,,1,268,0,players/P/Preston_Campbell.html,Preston Campbell 1998-2011 G:268,1,86,279,1,0,903,0,0,players/P/Preston_Campbell.html,Preston Campbell 1998-2011 T:86 P:903,
Rhys Wesser,1998,2011,13,0,1998,15,218,129,518,,1,218,0,players/R/Rhys_Wesser.html,Rhys Wesser 1998-2011 G:218,1,129,1,0,0,518,0,0,players/R/Rhys_Wesser.html,Rhys Wesser 1998-2011 T:129 P:518,large_career_gap
Todd Payten,1998,2011,13,0,1,16,259,19,76,,1,259,0,players/T/Todd_Payten.html,Todd Payten 1996-2011 G:259,1,19,0,0,0,76,0,0,players/T/Todd_Payten.html,Todd Payten 1996-2011 T:19 P:76,
Casey McGuire,1998,2012,14,0,1998,10,150,29,117,,0,0,,,,1,29,0,1,0,117,0,0,players/C/Casey_McGuire.html,Casey McGuire 1998-2012 T:29 P:117,large_career_gap | missing_afltables_games_record
Colin Best,1998,2012,14,0,3,13,261,109,436,,1,261,0,players/C/Colin_Best.html,Colin Best 1998-2012 G:261,1,109,0,0,0,436,0,0,players/C/Colin_Best.html,Colin Best 1998-2012 T:109 P:436,
Nathan Hindmarsh,1998,2012,14,0,1998,16,330,60,242,,1,330,0,players/N/Nathan_Hindmarsh.html,Nathan Hindmarsh 1998-2012 G:330,1,60,1,0,0,242,0,0,players/N/Nathan_Hindmarsh.html,Nathan Hindmarsh 1998-2012 T:60 P:242,large_career_gap
Petero Civoniceva,1998,2012,14,0,1998,16,309,25,100,,1,309,0,players/P/Petero_Civoniceva.html,Petero Civoniceva 1998-2012 G:309,1,25,0,0,0,100,0,0,players/P/Petero_Civoniceva.html,Petero Civoniceva 1998-2012 T:25 P:100,large_career_gap
Craig Gower,1998,2013,15,0,1996,14,244,56,237,,1,244,0,players/C/Craig_Gower.html,Craig Gower 1996-2013 G:244,1,56,4,5,0,237,0,0,players/C/Craig_Gower.html,Craig Gower 1996-2013 T:56 P:237,large_career_gap
Danny Buderus,1998,2013,15,0,1997,15,257,61,246,,1,257,0,players/D/Danny_Buderus.html,Danny Buderus 1997-2013 G:257,1,61,1,0,0,246,0,0,players/D/Danny_Buderus.html,Danny Buderus 1997-2013 T:61 P:246,large_career_gap
Joe Galuvao,1998,2013,15,0,2,15,240,27,108,,1,240,0,players/J/Joe_Galuvao.html,Joe Galuvao 1998-2013 G:240,1,27,0,0,0,108,0,0,players/J/Joe_Galuvao.html,Joe Galuvao 1998-2013 T:27 P:108,
Scott Prince,1998,2013,15,0,1998,17,300,67,1054,,1,300,0,players/S/Scott_Prince.html,Scott Prince 1998-2013 G:300,1,67,389,8,0,1054,0,0,players/S/Scott_Prince.html,Scott Prince 1998-2013 T:67 P:1054,large_career_gap
Eric Grothe [1999-2010],1999,2010,11,0,1999,12,142,67,268,,0,0,,,,0,0,0,0,0,0,,,,,large_career_gap | missing_afltables_games_record | missing_afltables_points_record
Steve Simpson,1999,2010,11,0,1999,13,216,32,128,,1,216,0,players/S/Steve_Simpson.html,Steve Simpson 1999-2010 G:216,1,32,0,0,0,128,0,0,players/S/Steve_Simpson.html,Steve Simpson 1999-2010 T:32 P:128,large_career_gap
Chris Walker,1999,2011,12,0,1999,12,151,81,420,,0,0,,,,1,81,48,0,0,420,0,0,players/C/Chris_Walker.html,Chris Walker 1999-2011 T:81 P:420,large_career_gap | missing_afltables_games_record
Clinton Toopi,1999,2011,12,0,4,10,156,63,252,,0,0,,,,1,63,0,0,0,252,0,0,players/C/Clinton_Toopi.html,Clinton Toopi 1999-2011 T:63 P:252,missing_afltables_games_record
Dane Carlaw,1999,2011,12,0,1999,11,188,25,100,,0,0,,,,1,25,0,0,0,100,0,0,players/D/Dane_Carlaw.html,Dane Carlaw 1999-2011 T:25 P:100,large_career_gap | missing_afltables_games_record
Luke Burt,1999,2012,13,0,1,14,264,124,1793,,1,264,0,players/L/Luke_Burt.html,Luke Burt 1999-2012 G:264,1,124,646,5,0,1793,0,0,players/L/Luke_Burt.html,Luke Burt 1999-2012 T:124 P:1793,
Ray Cashmere,1999,2012,13,0,6,6,68,6,24,,0,0,,,,1,6,0,0,0,24,0,0,players/R/Ray_Cashmere.html,Ray Cashmere 1999-2012 T:6 P:24,large_career_gap | missing_afltables_games_record
Brett Finch,1999,2013,14,0,1999,14,270,66,278,,1,270,0,players/B/Brett_Finch.html,Brett Finch 1999-2013 G:270,1,66,1,12,0,278,0,0,players/B/Brett_Finch.html,Brett Finch 1999-2013 T:66 P:278,large_career_gap
Luke O'Donnell,1999,2013,14,0,1999,14,188,27,108,,0,0,,,,1,27,0,0,0,108,0,0,players/L/Luke_ODonnell.html,Luke O'Donnell 1999-2013 T:27 P:108,large_career_gap | missing_afltables_games_record
Shaun Berrigan,1999,2013,14,0,1999,13,241,86,344,,1,241,0,players/S/Shaun_Berrigan.html,Shaun Berrigan 1999-2013 G:241,1,86,0,0,0,344,0,0,players/S/Shaun_Berrigan.html,Shaun Berrigan 1999-2013 T:86 P:344,large_career_gap
Lote Tuqiri,1999,2014,15,0,1999,10,167,90,396,,0,0,,,,1,90,18,0,0,396,0,0,players/L/Lote_Tuqiri.html,Lote Tuqiri 1999-2014 T:90 P:396,large_career_gap | missing_afltables_games_record
Timana Tahu,1999,2014,15,0,1999,15,196,121,488,,0,0,,,,1,121,2,0,0,488,0,0,players/T/Timana_Tahu.html,Timana Tahu 1999-2014 T:121 P:488,large_career_gap | missing_afltables_games_record
Alan Tongue,2000,2011,11,0,1,12,220,31,125,,1,220,0,players/A/Alan_Tongue.html,Alan Tongue 2000-2011 G:220,1,31,0,1,0,125,0,0,players/A/Alan_Tongue.html,Alan Tongue 2000-2011 T:31 P:125,
Andrew Ryan,2000,2011,11,0,2000,13,291,68,274,,1,291,0,players/A/Andrew_Ryan.html,Andrew Ryan 2000-2011 G:291,1,68,1,0,0,274,0,0,players/A/Andrew_Ryan.html,Andrew Ryan 2000-2011 T:68 P:274,large_career_gap
Brad Meyers,2000,2011,11,0,2000,11,177,18,72,,0,0,,,,1,18,0,0,0,72,0,0,players/B/Brad_Meyers.html,Brad Meyers 2000-2011 T:18 P:72,large_career_gap | missing_afltables_games_record
Carl Webb,2000,2011,11,0,2000,13,187,37,148,,0,0,,,,1,37,0,0,0,148,0,0,players/C/Carl_Webb.html,Carl Webb 2000-2011 T:37 P:148,large_career_gap | missing_afltables_games_record
Mark Gasnier,2000,2011,11,0,2000,12,174,92,420,,0,0,,,,1,92,26,0,0,420,0,0,players/M/Mark_Gasnier.html,Mark Gasnier 2000-2011 T:92 P:420,large_career_gap | missing_afltables_games_record
Matt Orford,2000,2011,11,0,2,11,235,73,1500,,1,235,0,players/M/Matt_Orford.html,Matt Orford 2000-2011 G:235,1,73,598,12,0,1500,0,0,players/M/Matt_Orford.html,Matt Orford 2000-2011 T:73 P:1500,
Paul Whatuira,2000,2011,11,0,4,9,132,53,212,,0,0,,,,1,53,0,0,0,212,0,0,players/P/Paul_Whatuira.html,Paul Whatuira 2000-2011 T:53 P:212,missing_afltables_games_record
Ben Hornby,2000,2012,12,0,2000,14,273,59,262,,1,273,0,players/B/Ben_Hornby.html,Ben Hornby 2000-2012 G:273,1,59,12,2,0,262,0,0,players/B/Ben_Hornby.html,Ben Hornby 2000-2012 T:59 P:262,large_career_gap
Jason Ryles,2000,2013,13,0,2000,14,248,16,64,,1,248,0,players/J/Jason_Ryles.html,Jason Ryles 2000-2013 G:248,1,16,0,0,0,64,0,0,players/J/Jason_Ryles.html,Jason Ryles 2000-2013 T:16 P:64,large_career_gap
Matt Cooper,2000,2013,13,0,2000,15,243,124,496,,1,243,0,players/M/Matt_Cooper.html,Matt Cooper 2000-2013 G:243,1,124,0,0,0,496,0,0,players/M/Matt_Cooper.html,Matt Cooper 2000-2013 T:124 P:496,large_career_gap
Nathan Fien,2000,2013,13,0,2000,15,276,41,168,,1,276,0,players/N/Nathan_Fien.html,Nathan Fien 2000-2013 G:276,1,41,0,4,0,168,0,0,players/N/Nathan_Fien.html,Nathan Fien 2000-2013 T:41 P:168,large_career_gap
Anthony Minichiello,2000,2014,14,0,2000,16,302,139,557,,1,302,0,players/A/Anthony_Minichiello.html,Anthony Minichiello 2000-2014 G:302,1,139,0,1,0,557,0,0,players/A/Anthony_Minichiello.html,Anthony Minichiello 2000-2014 T:139 P:557,large_career_gap
Ashley Harrison,2000,2014,14,0,2000,16,276,56,224,,1,276,0,players/A/Ashley_Harrison.html,Ashley Harrison 2000-2014 G:276,1,56,0,0,0,224,0,0,players/A/Ashley_Harrison.html,Ashley Harrison 2000-2014 T:56 P:224,large_career_gap
Braith Anasta,2000,2014,14,0,2000,16,288,88,614,,1,288,0,players/B/Braith_Anasta.html,Braith Anasta 2000-2014 G:288,1,88,122,18,0,614,0,0,players/B/Braith_Anasta.html,Braith Anasta 2000-2014 T:88 P:614,large_career_gap
Luke Bailey,2000,2014,14,0,2000,16,269,20,80,,1,269,0,players/L/Luke_Bailey.html,Luke Bailey 2000-2014 G:269,1,20,0,0,0,80,0,0,players/L/Luke_Bailey.html,Luke Bailey 2000-2014 T:20 P:80,large_career_gap
Justin Hodges,2000,2015,15,0,2000,16,251,99,398,,1,251,0,players/J/Justin_Hodges.html,Justin Hodges 2000-2015 G:251,1,99,1,0,0,398,0,0,players/J/Justin_Hodges.html,Justin Hodges 2000-2015 T:99 P:398,large_career_gap
Pat Richards,2000,2015,15,0,9,8,119,66,510,,0,0,,,,1,66,122,2,0,510,0,0,players/P/Pat_Richards.html,Pat Richards 2000-2015 T:66 P:510,large_career_gap | missing_afltables_games_record
Willie Mason,2000,2015,15,0,2000,16,292,48,192,,1,292,0,players/W/Willie_Mason.html,Willie Mason 2000-2015 G:292,1,48,0,0,0,192,0,0,players/W/Willie_Mason.html,Willie Mason 2000-2015 T:48 P:192,large_career_gap
Jamie Lyon,2000,2016,16,0,2000,16,294,122,1550,,1,294,0,players/J/Jamie_Lyon.html,Jamie Lyon 2000-2016 G:294,1,122,531,0,0,1550,0,0,players/J/Jamie_Lyon.html,Jamie Lyon 2000-2016 T:122 P:1550,large_career_gap
Micheal Luck,2001,2012,11,0,1,12,226,12,48,,1,226,0,players/M/Micheal_Luck.html,Micheal Luck 2001-2012 G:226,1,12,0,0,0,48,0,0,players/M/Micheal_Luck.html,Micheal Luck 2001-2012 T:12 P:48,
Matthew Bowen,2001,2013,12,0,2001,14,270,130,597,,1,270,0,players/M/Matthew_Bowen.html,Matthew Bowen 2001-2013 G:270,1,130,36,5,0,597,0,0,players/M/Matthew_Bowen.html,Matthew Bowen 2001-2013 T:130 P:597,large_career_gap
Michael Crocker,2001,2013,12,0,2001,14,204,32,278,,1,204,0,players/M/Michael_Crocker.html,Michael Crocker 2001-2013 G:204,1,32,75,0,0,278,0,0,players/M/Michael_Crocker.html,Michael Crocker 2001-2013 T:32 P:278,large_career_gap
Brent Tate,2001,2014,13,0,2001,15,229,81,324,,1,229,0,players/B/Brent_Tate.html,Brent Tate 2001-2014 G:229,1,81,0,0,0,324,0,0,players/B/Brent_Tate.html,Brent Tate 2001-2014 T:81 P:324,large_career_gap
Jason King,2001,2014,13,0,2001,15,239,11,44,,1,239,0,players/J/Jason_King.html,Jason King 2001-2014 G:239,1,11,0,0,0,44,0,0,players/J/Jason_King.html,Jason King 2001-2014 T:11 P:44,large_career_gap
John Morris,2001,2014,13,0,1,14,300,49,221,,1,300,0,players/J/John_Morris.html,John Morris 2001-2014 G:300,1,49,10,5,0,221,0,0,players/J/John_Morris.html,John Morris 2001-2014 T:49 P:221,
Clint Newton,2001,2015,14,0,5,11,173,23,94,,0,0,,,,1,23,1,0,0,94,0,0,players/C/Clint_Newton.html,Clint Newton 2001-2015 T:23 P:94,large_career_gap | missing_afltables_games_record
Kurt Gidley,2001,2015,14,0,2001,16,251,80,1228,,1,251,0,players/K/Kurt_Gidley.html,Kurt Gidley 2001-2015 G:251,1,80,452,4,0,1228,0,0,players/K/Kurt_Gidley.html,Kurt Gidley 2001-2015 T:80 P:1228,large_career_gap
Willie Manu,2001,2015,14,0,10,6,87,6,24,,0,0,,,,1,6,0,0,0,24,0,0,players/W/Willie_Manu.html,Willie Manu 2001-2015 T:6 P:24,large_career_gap | missing_afltables_games_record
Corey Parker,2001,2016,15,0,2001,17,347,39,1328,,1,347,0,players/C/Corey_Parker.html,Corey Parker 2001-2016 G:347,1,39,586,0,0,1328,0,0,players/C/Corey_Parker.html,Corey Parker 2001-2016 T:39 P:1328,large_career_gap
Luke Lewis,2001,2018,17,0,2001,19,324,122,488,,1,324,0,players/L/Luke_Lewis.html,Luke Lewis 2001-2018 G:324,1,122,0,0,0,488,0,0,players/L/Luke_Lewis.html,Luke Lewis 2001-2018 T:122 P:488,large_career_gap
Paul Gallen,2001,2019,18,0,2001,20,348,63,257,,1,348,0,players/P/Paul_Gallen.html,Paul Gallen 2001-2019 G:348,1,63,2,1,0,257,0,0,players/P/Paul_Gallen.html,Paul Gallen 2001-2019 T:63 P:257,large_career_gap
Anthony Quinn,2002,2013,11,0,2002,13,210,86,344,,1,210,0,players/A/Anthony_Quinn.html,Anthony Quinn 2002-2013 G:210,1,86,0,0,0,344,0,0,players/A/Anthony_Quinn.html,Anthony Quinn 2002-2013 T:86 P:344,large_career_gap
Ashley Graham,2002,2013,11,0,1,12,202,102,458,,1,202,0,players/A/Ashley_Graham.html,Ashley Graham 2002-2013 G:202,1,102,25,0,0,458,0,0,players/A/Ashley_Graham.html,Ashley Graham 2002-2013 T:102 P:458,
Ben Ross,2002,2013,11,0,2002,12,173,8,32,,0,0,,,,1,8,0,0,0,32,0,0,players/B/Ben_Ross.html,Ben Ross 2002-2013 T:8 P:32,large_career_gap | missing_afltables_games_record
Matthew Utai,2002,2013,11,0,2,11,167,85,340,,0,0,,,,1,85,0,0,0,340,0,0,players/M/Matthew_Utai.html,Matthew Utai 2002-2013 T:85 P:340,missing_afltables_games_record
Roy Asotasi,2002,2013,11,0,1,12,217,20,82,,1,217,0,players/R/Roy_Asotasi.html,Roy Asotasi 2002-2013 G:217,1,20,1,0,0,82,0,0,players/R/Roy_Asotasi.html,Roy Asotasi 2002-2013 T:20 P:82,
Steve Turner,2002,2013,11,0,2002,12,161,82,476,,0,0,,,,1,82,74,0,0,476,0,0,players/S/Steve_Turner.html,Steve Turner 2002-2013 T:82 P:476,large_career_gap | missing_afltables_games_record
Mark Minichiello,2002,2014,12,0,1,13,259,48,192,,1,259,0,players/M/Mark_Minichiello.html,Mark Minichiello 2002-2014 G:259,1,48,0,0,0,192,0,0,players/M/Mark_Minichiello.html,Mark Minichiello 2002-2014 T:48 P:192,
Nathan Merritt,2002,2014,12,0,2002,14,237,154,697,,1,237,0,players/N/Nathan_Merritt.html,Nathan Merritt 2002-2014 G:237,1,154,40,1,0,697,0,0,players/N/Nathan_Merritt.html,Nathan Merritt 2002-2014 T:154 P:697,large_career_gap
Willie Tonga,2002,2014,12,0,2002,14,181,78,312,,0,0,,,,1,78,0,0,0,312,0,0,players/W/Willie_Tonga.html,Willie Tonga 2002-2014 T:78 P:312,large_career_gap | missing_afltables_games_record
Anthony Watmough,2002,2015,13,0,2002,15,303,73,292,,1,303,0,players/A/Anthony_Watmough.html,Anthony Watmough 2002-2015 G:303,1,73,0,0,0,292,0,0,players/A/Anthony_Watmough.html,Anthony Watmough 2002-2015 T:73 P:292,large_career_gap
Brent Kite,2002,2015,13,0,2002,15,313,21,84,,1,313,0,players/B/Brent_Kite.html,Brent Kite 2002-2015 G:313,1,21,0,0,0,84,0,0,players/B/Brent_Kite.html,Brent Kite 2002-2015 T:21 P:84,large_career_gap
Glenn Hall,2002,2015,13,0,2,13,192,29,116,,0,0,,,,1,29,0,0,0,116,0,0,players/G/Glenn_Hall.html,Glenn Hall 2002-2015 T:29 P:116,missing_afltables_games_record
Greg Bird,2002,2016,14,0,2002,15,235,52,260,,1,235,0,players/G/Greg_Bird.html,Greg Bird 2002-2016 G:235,1,52,25,2,0,260,0,0,players/G/Greg_Bird.html,Greg Bird 2002-2016 T:52 P:260,large_career_gap
Nathan Friend,2002,2016,14,0,1,15,242,14,56,,1,242,0,players/N/Nathan_Friend.html,Nathan Friend 2002-2016 G:242,1,14,0,0,0,56,0,0,players/N/Nathan_Friend.html,Nathan Friend 2002-2016 T:14 P:56,
Johnathan Thurston,2002,2018,16,0,2002,18,323,90,2222,,1,323,0,players/J/Johnathan_Thurston.html,Johnathan Thurston 2002-2018 G:323,1,90,923,16,0,2222,0,0,players/J/Johnathan_Thurston.html,Johnathan Thurston 2002-2018 T:90 P:2222,large_career_gap
Cameron Smith,2002,2020,18,0,2002,20,430,48,2786,,1,430,0,players/C/Cameron_Smith.html,Cameron Smith 2002-2020 G:430,1,48,1295,4,0,2786,0,0,players/C/Cameron_Smith.html,Cameron Smith 2002-2020 T:48 P:2786,large_career_gap
Ashton Sims,2003,2014,11,0,1,12,228,13,52,,1,228,0,players/A/Ashton_Sims.html,Ashton Sims 2003-2014 G:228,1,13,0,0,0,52,0,0,players/A/Ashton_Sims.html,Ashton Sims 2003-2014 T:13 P:52,
Bryce Gibbs,2003,2014,11,0,1,12,197,4,16,,0,0,,,,1,4,0,0,0,16,0,0,players/B/Bryce_Gibbs.html,Bryce Gibbs 2003-2014 T:4 P:16,missing_afltables_games_record
Jerome Ropati,2003,2014,11,0,1,12,145,54,216,,0,0,,,,1,54,0,0,0,216,0,0,players/J/Jerome_Ropati.html,Jerome Ropati 2003-2014 T:54 P:216,missing_afltables_games_record
Liam Fulton,2003,2014,11,0,2,11,162,37,148,,0,0,,,,1,37,0,0,0,148,0,0,players/L/Liam_Fulton.html,Liam Fulton 2003-2014 T:37 P:148,missing_afltables_games_record
Michael Witt,2003,2014,11,0,6,7,94,24,615,,0,0,,,,1,24,258,3,0,615,0,0,players/M/Michael_Witt.html,Michael Witt 2003-2014 T:24 P:615,large_career_gap | missing_afltables_games_record
Todd Lowrie,2003,2014,11,0,1,12,202,16,64,,1,202,0,players/T/Todd_Lowrie.html,Todd Lowrie 2003-2014 G:202,1,16,0,0,0,64,0,0,players/T/Todd_Lowrie.html,Todd Lowrie 2003-2014 T:16 P:64,
Antonio Kaufusi,2003,2015,12,0,2003,11,151,10,40,,0,0,,,,1,10,0,0,0,40,0,0,players/A/Antonio_Kaufusi.html,Antonio Kaufusi 2003-2015 T:10 P:40,large_career_gap | missing_afltables_games_record
David Fa'alogo,2003,2015,12,0,4,10,198,27,108,,0,0,,,,1,27,0,0,0,108,0,0,players/D/David_Faalogo.html,David Fa'alogo 2003-2015 T:27 P:108,missing_afltables_games_record
David Simmons,2003,2015,12,0,1,13,200,103,416,,1,200,0,players/D/David_Simmons.html,David Simmons 2003-2015 G:200,1,103,2,0,0,416,0,0,players/D/David_Simmons.html,David Simmons 2003-2015 T:103 P:416,
David Stagg,2003,2015,12,0,2003,14,206,26,104,,1,206,0,players/D/David_Stagg.html,David Stagg 2003-2015 G:206,1,26,0,0,0,104,0,0,players/D/David_Stagg.html,David Stagg 2003-2015 T:26 P:104,large_career_gap
Glenn Stewart,2003,2015,12,0,2003,14,203,27,108,,1,203,0,players/G/Glenn_Stewart.html,Glenn Stewart 2003-2015 G:203,1,27,0,0,0,108,0,0,players/G/Glenn_Stewart.html,Glenn Stewart 2003-2015 T:27 P:108,large_career_gap
Keith Galloway,2003,2015,12,0,2003,14,210,10,40,,1,210,0,players/K/Keith_Galloway.html,Keith Galloway 2003-2015 G:210,1,10,0,0,0,40,0,0,players/K/Keith_Galloway.html,Keith Galloway 2003-2015 T:10 P:40,large_career_gap
Ben Creagh,2003,2016,13,0,2003,15,270,54,216,,1,270,0,players/B/Ben_Creagh.html,Ben Creagh 2003-2016 G:270,1,54,0,0,0,216,0,0,players/B/Ben_Creagh.html,Ben Creagh 2003-2016 T:54 P:216,large_career_gap
Brett Stewart,2003,2016,13,0,2003,15,233,163,652,,1,233,0,players/B/Brett_Stewart.html,Brett Stewart 2003-2016 G:233,1,163,0,0,0,652,0,0,players/B/Brett_Stewart.html,Brett Stewart 2003-2016 T:163 P:652,large_career_gap
Dene Halatau,2003,2016,13,0,1,14,249,25,100,,1,249,0,players/D/Dene_Halatau.html,Dene Halatau 2003-2016 G:249,1,25,0,0,0,100,0,0,players/D/Dene_Halatau.html,Dene Halatau 2003-2016 T:25 P:100,
Ian Henderson,2003,2016,13,0,6,7,76,9,36,,0,0,,,,1,9,0,0,0,36,0,0,players/I/Ian_Henderson.html,Ian Henderson 2003-2016 T:9 P:36,large_career_gap | missing_afltables_games_record
Michael Ennis,2003,2016,13,0,2003,15,273,36,365,,1,273,0,players/M/Michael_Ennis.html,Michael Ennis 2003-2016 G:273,1,36,110,1,0,365,0,0,players/M/Michael_Ennis.html,Michael Ennis 2003-2016 T:36 P:365,large_career_gap
Thomas Leuluai,2003,2016,13,0,9,6,85,12,48,,0,0,,,,1,12,0,0,0,48,0,0,players/T/Thomas_Leuluai.html,Thomas Leuluai 2003-2016 T:12 P:48,large_career_gap | missing_afltables_games_record
Frank Pritchard,2003,2017,14,0,2,14,256,57,228,,1,256,0,players/F/Frank_Pritchard.html,Frank Pritchard 2003-2017 G:256,1,57,0,0,0,228,0,0,players/F/Frank_Pritchard.html,Frank Pritchard 2003-2017 T:57 P:228,
Billy Slater,2003,2018,15,0,2003,17,319,190,760,,1,319,0,players/B/Billy_Slater.html,Billy Slater 2003-2018 G:319,1,190,0,0,0,760,0,0,players/B/Billy_Slater.html,Billy Slater 2003-2018 T:190 P:760,large_career_gap
Chris Heighington,2003,2018,15,0,1,16,338,42,168,,1,338,0,players/C/Chris_Heighington.html,Chris Heighington 2003-2018 G:338,1,42,0,0,0,168,0,0,players/C/Chris_Heighington.html,Chris Heighington 2003-2018 T:42 P:168,
Jacob Lillyman,2003,2018,15,0,2003,16,265,9,36,,1,265,0,players/J/Jacob_Lillyman.html,Jacob Lillyman 2003-2018 G:265,1,9,0,0,0,36,0,0,players/J/Jacob_Lillyman.html,Jacob Lillyman 2003-2018 T:9 P:36,large_career_gap
Ryan Hoffman,2003,2018,15,0,2003,16,325,72,290,,1,325,0,players/R/Ryan_Hoffman.html,Ryan Hoffman 2003-2018 G:325,1,72,1,0,0,290,0,0,players/R/Ryan_Hoffman.html,Ryan Hoffman 2003-2018 T:72 P:290,large_career_gap
Sam Thaiday,2003,2018,15,0,2003,17,304,40,162,,1,304,0,players/S/Sam_Thaiday.html,Sam Thaiday 2003-2018 G:304,1,40,1,0,0,162,0,0,players/S/Sam_Thaiday.html,Sam Thaiday 2003-2018 T:40 P:162,large_career_gap
Robbie Farah,2003,2019,16,0,2003,18,303,70,320,,1,303,0,players/R/Robbie_Farah.html,Robbie Farah 2003-2019 G:303,1,70,12,16,0,320,0,0,players/R/Robbie_Farah.html,Robbie Farah 2003-2019 T:70 P:320,large_career_gap
Benji Marshall,2003,2021,18,0,1,19,347,96,1232,,1,346,1,players/B/Benji_Marshall.html,Benji Marshall 2003-2021 G:346,1,96,416,16,0,1232,0,0,players/B/Benji_Marshall.html,Benji Marshall 2003-2021 T:96 P:1232,games_mismatch
Dane Tilse,2004,2015,11,0,2,11,204,12,48,,1,204,0,players/D/Dane_Tilse.html,Dane Tilse 2004-2015 G:204,1,12,0,0,0,48,0,0,players/D/Dane_Tilse.html,Dane Tilse 2004-2015 T:12 P:48,
George Rose,2004,2015,11,0,2,11,151,10,40,,0,0,,,,1,10,0,0,0,40,0,0,players/G/George_Rose.html,George Rose 2004-2015 T:10 P:40,missing_afltables_games_record
Heath L'Estrange,2004,2015,11,0,5,8,93,3,12,,0,0,,,,1,3,0,0,0,12,0,0,players/H/Heath_LEstrange.html,Heath L'Estrange 2004-2015 T:3 P:12,large_career_gap | missing_afltables_games_record
Richard Fa'aoso,2004,2015,11,0,2,10,160,15,60,,0,0,,,,1,15,0,0,0,60,0,0,players/R/Richard_Faaoso.html,Richard Fa'aoso 2004-2015 T:15 P:60,missing_afltables_games_record
Tom Learoyd-Lahrs,2004,2015,11,0,2004,12,120,8,32,,0,0,,,,1,8,0,0,0,32,0,0,players/T/Tom_Learoyd-Lahrs.html,Tom Learoyd-Lahrs 2004-2015 T:8 P:32,large_career_gap | missing_afltables_games_record
Feleti Mateo,2004,2016,12,0,3,11,205,32,142,,1,205,0,players/F/Feleti_Mateo.html,Feleti Mateo 2004-2016 G:205,1,32,7,0,0,142,0,0,players/F/Feleti_Mateo.html,Feleti Mateo 2004-2016 T:32 P:142,
Jeremy Smith [2004-2016],2004,2016,12,0,2,12,214,30,124,,0,0,,,,0,0,0,0,0,0,,,,,missing_afltables_games_record | missing_afltables_points_record
Sam Perrett,2004,2016,12,0,1,13,256,93,374,,1,256,0,players/S/Sam_Perrett.html,Sam Perrett 2004-2016 G:256,1,93,1,0,0,374,0,0,players/S/Sam_Perrett.html,Sam Perrett 2004-2016 T:93 P:374,
Anthony Tupou,2004,2017,13,0,2004,14,240,29,116,,1,240,0,players/A/Anthony_Tupou.html,Anthony Tupou 2004-2017 G:240,1,29,0,0,0,116,0,0,players/A/Anthony_Tupou.html,Anthony Tupou 2004-2017 T:29 P:116,large_career_gap
Jeff Lima,2004,2017,13,0,3,9,127,10,42,,0,0,,,,1,10,1,0,0,42,0,0,players/J/Jeff_Lima.html,Jeff Lima 2004-2017 T:10 P:42,missing_afltables_games_record
Jeff Robson,2004,2017,13,0,4,11,176,30,121,,0,0,,,,1,30,0,1,0,121,0,0,players/J/Jeff_Robson.html,Jeff Robson 2004-2017 T:30 P:121,missing_afltables_games_record
Manu Vatuvei,2004,2017,13,0,1,14,226,152,608,,1,226,0,players/M/Manu_Vatuvei.html,Manu Vatuvei 2004-2017 G:226,1,152,0,0,0,608,0,0,players/M/Manu_Vatuvei.html,Manu Vatuvei 2004-2017 T:152 P:608,
Cooper Cronk,2004,2019,15,0,2004,17,372,101,435,,1,372,0,players/C/Cooper_Cronk.html,Cooper Cronk 2004-2019 G:372,1,101,5,21,0,435,0,0,players/C/Cooper_Cronk.html,Cooper Cronk 2004-2019 T:101 P:435,large_career_gap
John Sutton,2004,2019,15,0,1,16,336,61,259,,1,336,0,players/J/John_Sutton.html,John Sutton 2004-2019 G:336,1,61,7,1,0,259,0,0,players/J/John_Sutton.html,John Sutton 2004-2019 T:61 P:259,
Matthew Scott,2004,2019,15,0,2004,17,268,19,76,,1,268,0,players/M/Matthew_Scott.html,Matthew Scott 2004-2019 G:268,1,19,0,0,0,76,0,0,players/M/Matthew_Scott.html,Matthew Scott 2004-2019 T:19 P:76,large_career_gap
Sonny Bill Williams,2004,2020,16,0,6,8,123,42,168,,0,0,,,,1,42,0,0,0,168,0,0,players/S/Sonny_Bill_Williams.html,Sonny Bill Williams 2004-2020 T:42 P:168,large_career_gap | missing_afltables_games_record
Karmichael Hunt,2004,2021,17,0,2004,8,127,53,213,,0,0,,,,1,53,0,1,0,213,0,0,players/K/Karmichael_Hunt.html,Karmichael Hunt 2004-2021 T:53 P:213,large_career_gap | missing_afltables_games_record
Ben Hannant,2005,2016,11,0,2005,13,245,15,60,,1,245,0,players/B/Ben_Hannant.html,Ben Hannant 2005-2016 G:245,1,15,0,0,0,60,0,0,players/B/Ben_Hannant.html,Ben Hannant 2005-2016 T:15 P:60,large_career_gap
David Shillington,2005,2016,11,0,2005,13,215,11,44,,1,215,0,players/D/David_Shillington.html,David Shillington 2005-2016 G:215,1,11,0,0,0,44,0,0,players/D/David_Shillington.html,David Shillington 2005-2016 T:11 P:44,large_career_gap
Jamie Soward,2005,2016,11,0,2005,13,215,53,1280,,1,215,0,players/J/Jamie_Soward.html,Jamie Soward 2005-2016 G:215,1,53,521,26,0,1280,0,0,players/J/Jamie_Soward.html,Jamie Soward 2005-2016 T:53 P:1280,large_career_gap
Jarrod Mullen,2005,2016,11,0,2005,13,211,39,165,,1,211,0,players/J/Jarrod_Mullen.html,Jarrod Mullen 2005-2016 G:211,1,39,0,9,0,165,0,0,players/J/Jarrod_Mullen.html,Jarrod Mullen 2005-2016 T:39 P:165,large_career_gap
Kade Snowden,2005,2016,11,0,2005,12,174,9,36,,0,0,,,,1,9,0,0,0,36,0,0,players/K/Kade_Snowden.html,Kade Snowden 2005-2016 T:9 P:36,large_career_gap | missing_afltables_games_record
Matthew White,2005,2016,11,0,2,10,156,1,4,,0,0,,,,1,1,0,0,0,4,0,0,players/M/Matthew_White.html,Matthew White 2005-2016 T:1 P:4,missing_afltables_games_record
Steve Matai,2005,2016,11,0,1,12,230,91,406,,1,230,0,players/S/Steve_Matai.html,Steve Matai 2005-2016 G:230,1,91,21,0,0,406,0,0,players/S/Steve_Matai.html,Steve Matai 2005-2016 T:91 P:406,
Mickey Paea,2005,2017,12,0,5,9,76,2,8,,0,0,,,,1,2,0,0,0,8,0,0,players/M/Mickey_Paea.html,Mickey Paea 2005-2017 T:2 P:8,large_career_gap | missing_afltables_games_record
Nate Myles,2005,2017,12,0,2005,14,233,7,28,,1,233,0,players/N/Nate_Myles.html,Nate Myles 2005-2017 G:233,1,7,0,0,0,28,0,0,players/N/Nate_Myles.html,Nate Myles 2005-2017 T:7 P:28,large_career_gap
Beau Scott,2005,2018,13,0,2005,15,244,32,128,,1,244,0,players/B/Beau_Scott.html,Beau Scott 2005-2018 G:244,1,32,0,0,0,128,0,0,players/B/Beau_Scott.html,Beau Scott 2005-2018 T:32 P:128,large_career_gap
Greg Eastwood,2005,2018,13,0,2,13,241,30,120,,1,241,0,players/G/Greg_Eastwood.html,Greg Eastwood 2005-2018 G:241,1,30,0,0,0,120,0,0,players/G/Greg_Eastwood.html,Greg Eastwood 2005-2018 T:30 P:120,
Peter Wallace,2005,2018,13,0,2005,14,240,34,308,,1,240,0,players/P/Peter_Wallace.html,Peter Wallace 2005-2018 G:240,1,34,82,8,0,308,0,0,players/P/Peter_Wallace.html,Peter Wallace 2005-2018 T:34 P:308,large_career_gap
Simon Mannering,2005,2018,13,0,1,14,301,63,252,,1,301,0,players/S/Simon_Mannering.html,Simon Mannering 2005-2018 G:301,1,63,0,0,0,252,0,0,players/S/Simon_Mannering.html,Simon Mannering 2005-2018 T:63 P:252,
Greg Inglis,2005,2019,14,0,2005,16,263,149,618,,1,263,0,players/G/Greg_Inglis.html,Greg Inglis 2005-2019 G:263,1,149,9,4,0,618,0,0,players/G/Greg_Inglis.html,Greg Inglis 2005-2019 T:149 P:618,large_career_gap
Iosia Soliola,2005,2021,16,0,6,12,231,40,162,,1,229,2,players/I/Iosia_Soliola.html,Iosia Soliola 2005-2021 G:229,1,40,1,0,0,162,0,0,players/I/Iosia_Soliola.html,Iosia Soliola 2005-2021 T:40 P:162,large_career_gap | games_mismatch
Dave Taylor,2006,2017,11,0,2006,12,181,42,168,,0,0,,,,1,42,0,0,0,168,0,0,players/D/Dave_Taylor.html,Dave Taylor 2006-2017 T:42 P:168,large_career_gap | missing_afltables_games_record
William Zillman,2006,2017,11,0,1,12,180,55,221,,0,0,,,,1,55,0,1,0,221,0,0,players/W/William_Zillman.html,William Zillman 2006-2017 T:55 P:221,missing_afltables_games_record
Jarryd Hayne,2006,2018,12,0,2006,13,214,121,492,,1,214,0,players/J/Jarryd_Hayne.html,Jarryd Hayne 2006-2018 G:214,1,121,2,4,0,492,0,0,players/J/Jarryd_Hayne.html,Jarryd Hayne 2006-2018 T:121 P:492,large_career_gap
Michael Gordon,2006,2019,13,0,2006,15,261,92,1730,,1,261,0,players/M/Michael_Gordon.html,Michael Gordon 2006-2019 G:261,1,92,681,0,0,1730,0,0,players/M/Michael_Gordon.html,Michael Gordon 2006-2019 T:92 P:1730,large_career_gap
Adam Blair,2006,2020,14,0,1,15,331,14,56,,1,331,0,players/A/Adam_Blair.html,Adam Blair 2006-2020 G:331,1,14,0,0,0,56,0,0,players/A/Adam_Blair.html,Adam Blair 2006-2020 T:14 P:56,
Chris Lawrence,2006,2020,14,0,1,15,253,84,342,,1,253,0,players/C/Chris_Lawrence.html,Chris Lawrence 2006-2020 G:253,1,84,3,0,0,342,0,0,players/C/Chris_Lawrence.html,Chris Lawrence 2006-2020 T:84 P:342,
Darius Boyd,2006,2020,14,0,2006,16,337,87,348,,1,337,0,players/D/Darius_Boyd.html,Darius Boyd 2006-2020 G:337,1,87,0,0,0,348,0,0,players/D/Darius_Boyd.html,Darius Boyd 2006-2020 T:87 P:348,large_career_gap
Gavin Cooper,2006,2020,14,0,2006,16,323,79,322,,1,323,0,players/G/Gavin_Cooper.html,Gavin Cooper 2006-2020 G:323,1,79,3,0,0,322,0,0,players/G/Gavin_Cooper.html,Gavin Cooper 2006-2020 T:79 P:322,large_career_gap
Brett Morris,2006,2021,15,0,2006,17,276,176,704,,1,276,0,players/B/Brett_Morris.html,Brett Morris 2006-2021 G:276,1,176,0,0,0,704,0,0,players/B/Brett_Morris.html,Brett Morris 2006-2021 T:176 P:704,large_career_gap
Frank-Paul Nu'uausala,2007,2018,11,0,2,11,186,16,64,,0,0,,,,1,16,0,0,0,64,0,0,players/F/Frank-Paul_Nuuausala.html,Frank-Paul Nu'uausala 2007-2018 T:16 P:64,missing_afltables_games_record
Jason Nightingale,2007,2018,11,0,1,12,266,110,440,,1,266,0,players/J/Jason_Nightingale.html,Jason Nightingale 2007-2018 G:266,1,110,0,0,0,440,0,0,players/J/Jason_Nightingale.html,Jason Nightingale 2007-2018 T:110 P:440,
Sam Tagataese,2007,2018,11,0,1,12,172,15,60,,0,0,,,,1,15,0,0,0,60,0,0,players/S/Sam_Tagataese.html,Sam Tagataese 2007-2018 T:15 P:60,missing_afltables_games_record
Scott Bolton,2007,2019,12,0,1,13,246,19,78,,1,246,0,players/S/Scott_Bolton.html,Scott Bolton 2007-2019 G:246,1,19,1,0,0,78,0,0,players/S/Scott_Bolton.html,Scott Bolton 2007-2019 T:19 P:78,
Shaun Kenny-Dowall,2007,2019,12,0,1,13,277,139,562,,1,277,0,players/S/Shaun_Kenny-Dowall.html,Shaun Kenny-Dowall 2007-2019 G:277,1,139,3,0,0,562,0,0,players/S/Shaun_Kenny-Dowall.html,Shaun Kenny-Dowall 2007-2019 T:139 P:562,
Tim Grant,2007,2019,12,0,2007,14,196,8,32,,0,0,,,,1,8,0,0,0,32,0,0,players/T/Tim_Grant.html,Tim Grant 2007-2019 T:8 P:32,large_career_gap | missing_afltables_games_record
Bryson Goodwin,2007,2020,13,0,3,12,183,74,570,,0,0,,,,1,74,137,0,0,570,0,0,players/B/Bryson_Goodwin.html,Bryson Goodwin 2007-2020 T:74 P:570,missing_afltables_games_record
Issac Luke,2007,2020,13,0,1,14,286,50,606,,1,286,0,players/I/Issac_Luke.html,Issac Luke 2007-2020 G:286,1,50,203,0,0,606,0,0,players/I/Issac_Luke.html,Issac Luke 2007-2020 T:50 P:606,
Mitchell Aubusson,2007,2020,13,0,1,14,306,68,272,,1,306,0,players/M/Mitchell_Aubusson.html,Mitchell Aubusson 2007-2020 G:306,1,68,0,0,0,272,0,0,players/M/Mitchell_Aubusson.html,Mitchell Aubusson 2007-2020 T:68 P:272,
Ben Te'o,2007,2021,14,0,2007,11,173,43,172,,0,0,,,,1,43,0,0,0,172,0,0,players/B/Ben_Teo.html,Ben Te'o 2007-2021 T:43 P:172,large_career_gap | missing_afltables_games_record
Blake Green,2007,2021,14,0,5,11,181,20,81,,0,0,,,,1,20,0,1,0,81,0,0,players/B/Blake_Green.html,Blake Green 2007-2021 T:20 P:81,large_career_gap | missing_afltables_games_record
Josh Morris,2007,2021,14,0,2007,16,325,158,632,,1,325,0,players/J/Josh_Morris.html,Josh Morris 2007-2021 G:325,1,158,0,0,0,632,0,0,players/J/Josh_Morris.html,Josh Morris 2007-2021 T:158 P:632,large_career_gap
Mitchell Pearce,2007,2021,14,0,2007,16,309,77,319,,1,309,0,players/M/Mitchell_Pearce.html,Mitchell Pearce 2007-2021 G:309,1,77,0,11,0,319,0,0,players/M/Mitchell_Pearce.html,Mitchell Pearce 2007-2021 T:77 P:319,large_career_gap
Will Chambers,2007,2021,14,0,2007,13,224,83,336,,1,224,0,players/W/Will_Chambers.html,Will Chambers 2007-2021 G:224,1,83,2,0,0,336,0,0,players/W/Will_Chambers.html,Will Chambers 2007-2021 T:83 P:336,large_career_gap
Michael Jennings,2007,2024,17,0,2007,16,312,157,628,,1,307,5,players/M/Michael_Jennings.html,Michael Jennings 2007-2024 G:307,1,157,0,0,0,628,0,0,players/M/Michael_Jennings.html,Michael Jennings 2007-2024 T:157 P:628,large_career_gap | games_mismatch
Junior Paulo,2007,2026,19,0,2007,17,291,19,76,,1,274,17,players/J/Junior_PauloP1.html,Junior Paulo 2013-2026 G:274,1,19,0,0,0,76,0,0,players/J/Junior_PauloP1.html,Junior Paulo 2013-2026 T:19 P:76,large_career_gap | games_mismatch
Ben Matulino,2008,2019,11,0,1,12,248,18,72,,1,248,0,players/B/Ben_Matulino.html,Ben Matulino 2008-2019 G:248,1,18,0,0,0,72,0,0,players/B/Ben_Matulino.html,Ben Matulino 2008-2019 T:18 P:72,
Frank Winterstein,2008,2019,11,0,8,5,60,4,16,,0,0,,,,1,4,0,0,0,16,0,0,players/F/Frank_Winterstein.html,Frank Winterstein 2008-2019 T:4 P:16,large_career_gap | missing_afltables_games_record
Jayson Bukuya,2008,2019,11,0,3,10,186,26,104,,0,0,,,,1,26,0,0,0,104,0,0,players/J/Jayson_Bukuya.html,Jayson Bukuya 2008-2019 T:26 P:104,missing_afltables_games_record
Josh Hoffman,2008,2019,11,0,1,12,189,62,248,,0,0,,,,1,62,0,0,0,248,0,0,players/J/Josh_Hoffman.html,Josh Hoffman 2008-2019 T:62 P:248,missing_afltables_games_record
Matt Prior,2008,2019,11,0,2008,13,253,14,56,,1,253,0,players/M/Matt_Prior.html,Matt Prior 2008-2019 G:253,1,14,0,0,0,56,0,0,players/M/Matt_Prior.html,Matt Prior 2008-2019 T:14 P:56,large_career_gap
Will Matthews,2008,2019,11,0,1,12,111,5,20,,0,0,,,,1,5,0,0,0,20,0,0,players/W/Will_Matthews.html,Will Matthews 2008-2019 T:5 P:20,missing_afltables_games_record
Joel Thompson,2008,2020,12,0,1,13,234,62,248,,1,234,0,players/J/Joel_Thompson.html,Joel Thompson 2008-2020 G:234,1,62,0,0,0,248,0,0,players/J/Joel_Thompson.html,Joel Thompson 2008-2020 T:62 P:248,
Jake Friend,2008,2021,13,0,2008,15,264,27,109,,1,264,0,players/J/Jake_Friend.html,Jake Friend 2008-2021 G:264,1,27,0,1,0,109,0,0,players/J/Jake_Friend.html,Jake Friend 2008-2021 T:27 P:109,large_career_gap
Russell Packer,2008,2021,13,0,3,12,184,8,32,,0,0,,,,1,8,0,0,0,32,0,0,players/R/Russell_Packer.html,Russell Packer 2008-2021 T:8 P:32,missing_afltables_games_record
Aiden Tolman,2008,2022,14,0,1,15,317,16,64,,1,317,0,players/A/Aiden_Tolman.html,Aiden Tolman 2008-2022 G:317,1,16,0,0,0,64,0,0,players/A/Aiden_Tolman.html,Aiden Tolman 2008-2022 T:16 P:64,
Andrew McCullough,2008,2022,14,0,2008,16,309,36,147,,1,309,0,players/A/Andrew_McCullough.html,Andrew McCullough 2008-2022 G:309,1,36,1,1,0,147,0,0,players/A/Andrew_McCullough.html,Andrew McCullough 2008-2022 T:36 P:147,large_career_gap
Kevin Proctor,2008,2022,14,0,1,15,283,46,186,,1,283,0,players/K/Kevin_Proctor.html,Kevin Proctor 2008-2022 G:283,1,46,1,0,0,186,0,0,players/K/Kevin_Proctor.html,Kevin Proctor 2008-2022 T:46 P:186,
Wade Graham,2008,2023,15,0,2008,17,297,50,202,,1,297,0,players/W/Wade_Graham.html,Wade Graham 2008-2023 G:297,1,50,0,2,0,202,0,0,players/W/Wade_Graham.html,Wade Graham 2008-2023 T:50 P:202,large_career_gap
Jordan Rapana,2008,2024,16,0,6,12,219,111,516,,1,219,0,players/J/Jordan_Rapana.html,Jordan Rapana 2008-2024 G:219,1,111,35,2,0,516,0,0,players/J/Jordan_Rapana.html,Jordan Rapana 2008-2024 T:111 P:516,large_career_gap
Chris McQueen,2009,2020,11,0,2009,12,164,35,140,,0,0,,,,1,35,0,0,0,140,0,0,players/C/Chris_McQueen.html,Chris McQueen 2009-2020 T:35 P:140,large_career_gap | missing_afltables_games_record
David Gower,2009,2020,11,0,2,11,123,6,24,,0,0,,,,1,6,0,0,0,24,0,0,players/D/David_Gower.html,David Gower 2009-2020 T:6 P:24,missing_afltables_games_record
Sandor Earl,2009,2020,11,0,6,7,56,26,104,,0,0,,,,1,26,0,0,0,104,0,0,players/S/Sandor_Earl.html,Sandor Earl 2009-2020 T:26 P:104,large_career_gap | missing_afltables_games_record
Alex Glenn,2009,2021,12,0,1,13,285,58,232,,1,285,0,players/A/Alex_Glenn.html,Alex Glenn 2009-2021 G:285,1,58,0,0,0,232,0,0,players/A/Alex_Glenn.html,Alex Glenn 2009-2021 T:58 P:232,
Blake Ferguson,2009,2021,12,0,2009,13,249,126,550,,1,249,0,players/B/Blake_Ferguson.html,Blake Ferguson 2009-2021 G:249,1,126,23,0,0,550,0,0,players/B/Blake_Ferguson.html,Blake Ferguson 2009-2021 T:126 P:550,large_career_gap
Dale Copley,2009,2021,12,0,2,12,151,59,236,,0,0,,,,1,59,0,0,0,236,0,0,players/D/Dale_Copley.html,Dale Copley 2009-2021 T:59 P:236,missing_afltables_games_record
Gerard Beale,2009,2021,12,0,1,13,207,52,208,,1,205,2,players/G/Gerard_Beale.html,Gerard Beale 2009-2021 G:205,1,52,0,0,0,208,0,0,players/G/Gerard_Beale.html,Gerard Beale 2009-2021 T:52 P:208,games_mismatch
Josh Dugan,2009,2021,12,0,2009,14,217,79,365,,1,215,2,players/J/Josh_Dugan.html,Josh Dugan 2009-2021 G:215,1,79,24,1,0,365,0,0,players/J/Josh_Dugan.html,Josh Dugan 2009-2021 T:79 P:365,large_career_gap | games_mismatch
Leeson Ah Mau,2009,2021,12,0,1,13,223,7,30,,1,223,0,players/L/Leeson_Ah_Mau.html,Leeson Ah Mau 2009-2021 G:223,1,7,1,0,0,30,0,0,players/L/Leeson_Ah_Mau.html,Leeson Ah Mau 2009-2021 T:7 P:30,
Trent Merrin,2009,2021,12,0,2009,13,224,21,84,,1,223,1,players/T/Trent_Merrin.html,Trent Merrin 2009-2021 G:223,1,21,0,0,0,84,0,0,players/T/Trent_Merrin.html,Trent Merrin 2009-2021 T:21 P:84,large_career_gap | games_mismatch
David Mead,2009,2022,13,0,4,11,174,75,300,,0,0,,,,1,75,0,0,0,300,0,0,players/D/David_Mead.html,David Mead 2009-2021 T:75 P:300,missing_afltables_games_record
Josh McGuire,2009,2022,13,0,2009,15,259,13,52,,1,259,0,players/J/Josh_McGuire.html,Josh McGuire 2009-2022 G:259,1,13,0,0,0,52,0,0,players/J/Josh_McGuire.html,Josh McGuire 2009-2022 T:13 P:52,large_career_gap
James Tamou,2009,2023,14,0,2009,16,308,27,108,,1,308,0,players/J/James_Tamou.html,James Tamou 2009-2023 G:308,1,27,0,0,0,108,0,0,players/J/James_Tamou.html,James Tamou 2009-2023 T:27 P:108,large_career_gap
Jarrod Croker,2009,2023,14,0,1,15,307,136,2374,,1,307,0,players/J/Jarrod_Croker.html,Jarrod Croker 2009-2023 G:307,1,136,915,0,0,2374,0,0,players/J/Jarrod_Croker.html,Jarrod Croker 2009-2023 T:136 P:2374,
Jared Waerea-Hargreaves,2009,2024,15,0,1,16,316,16,64,,1,316,0,players/J/Jared_Waerea-Hargreaves.html,Jared Waerea-Hargreaves 2009-2024 G:316,1,16,0,0,0,64,0,0,players/J/Jared_Waerea-Hargreaves.html,Jared Waerea-Hargreaves 2009-2024 T:16 P:64,
Kieran Foran,2009,2025,16,0,1,17,318,60,258,,1,318,0,players/K/Kieran_Foran.html,Kieran Foran 2009-2025 G:318,1,60,8,2,0,258,0,0,players/K/Kieran_Foran.html,Kieran Foran 2009-2025 T:60 P:258,
Ben Hunt,2009,2026,17,0,2009,19,365,86,408,,1,365,0,players/B/Ben_Hunt.html,Ben Hunt 2009-2026 G:365,1,86,31,2,0,408,0,0,players/B/Ben_Hunt.html,Ben Hunt 2009-2026 T:86 P:408,large_career_gap
Corey Norman,2010,2021,11,0,2010,13,229,36,227,,1,228,1,players/C/Corey_Norman.html,Corey Norman 2010-2021 G:228,1,36,39,5,0,227,0,0,players/C/Corey_Norman.html,Corey Norman 2010-2021 T:36 P:227,large_career_gap | games_mismatch
Joey Leilua,2010,2021,11,0,1,12,225,95,380,,1,225,0,players/J/Joey_Leilua.html,Joey Leilua 2010-2021 G:225,1,95,0,0,0,380,0,0,players/J/Joey_Leilua.html,Joey Leilua 2010-2021 T:95 P:380,
Justin O'Neill,2010,2021,11,0,2010,13,190,78,312,,0,0,,,,1,78,0,0,0,312,0,0,players/J/Justin_ONeill.html,Justin O'Neill 2010-2021 T:78 P:312,large_career_gap | missing_afltables_games_record
Michael Morgan,2010,2021,11,0,2010,13,168,58,237,,0,0,,,,1,58,0,5,0,237,0,0,players/M/Michael_Morgan.html,Michael Morgan 2010-2021 T:58 P:237,large_career_gap | missing_afltables_games_record
Michael Oldfield,2010,2021,11,0,3,10,57,30,120,,0,0,,,,1,30,0,0,0,120,0,0,players/M/Michael_Oldfield.html,Michael Oldfield 2010-2021 T:30 P:120,missing_afltables_games_record
William Hopoate,2010,2021,11,0,2010,11,184,45,182,,0,0,,,,1,45,1,0,0,182,0,0,players/W/William_Hopoate.html,William Hopoate 2010-2021 T:45 P:182,large_career_gap | missing_afltables_games_record
Albert Kelly,2010,2022,12,0,7,6,59,21,84,,0,0,,,,1,21,0,0,0,84,0,0,players/A/Albert_Kelly.html,Albert Kelly 2010-2022 T:21 P:84,large_career_gap | missing_afltables_games_record
Andrew Fifita,2010,2022,12,0,2010,14,252,40,160,,1,251,1,players/A/Andrew_Fifita.html,Andrew Fifita 2010-2022 G:251,1,40,0,0,0,160,0,0,players/A/Andrew_Fifita.html,Andrew Fifita 2010-2022 T:40 P:160,large_career_gap | games_mismatch
Dunamis Lui,2010,2022,12,0,2010,14,178,5,20,,0,0,,,,1,5,0,0,0,20,0,0,players/D/Dunamis_Lui.html,Dunamis Lui 2010-2022 T:5 P:20,large_career_gap | missing_afltables_games_record
Kevin Naiqama,2010,2022,12,0,4,9,122,53,212,,0,0,,,,1,53,0,0,0,212,0,0,players/K/Kevin_Naiqama.html,Kevin Naiqama 2010-2022 T:53 P:212,missing_afltables_games_record
Ryan James,2010,2022,12,0,2,12,169,33,132,,0,0,,,,1,33,0,0,0,132,0,0,players/R/Ryan_James.html,Ryan James 2010-2022 T:33 P:132,missing_afltables_games_record
Jesse Bromwich,2010,2024,14,0,1,15,338,34,136,,1,338,0,players/J/Jesse_Bromwich.html,Jesse Bromwich 2010-2024 G:338,1,34,0,0,0,136,0,0,players/J/Jesse_Bromwich.html,Jesse Bromwich 2010-2024 T:34 P:136,
Ben Murdoch-Masila,2010,2025,15,0,7,10,123,13,52,,0,0,,,,1,13,0,0,0,52,0,0,players/B/Ben_Murdoch-Masila.html,Ben Murdoch-Masila 2010-2025 T:13 P:52,large_career_gap | missing_afltables_games_record
Martin Taupau,2010,2025,15,0,1,16,261,21,84,,1,256,5,players/M/Martin_Taupau.html,Martin Taupau 2010-2025 G:256,1,21,0,0,0,84,0,0,players/M/Martin_Taupau.html,Martin Taupau 2010-2025 T:21 P:84,games_mismatch
Jason Taumalolo,2010,2026,16,0,1,17,298,38,152,,1,298,0,players/J/Jason_Taumalolo.html,Jason Taumalolo 2010-2026 G:298,1,38,0,0,0,152,0,0,players/J/Jason_Taumalolo.html,Jason Taumalolo 2010-2026 T:38 P:152,
James Roberts,2011,2022,11,0,2011,12,167,77,310,,0,0,,,,1,77,1,0,0,310,0,0,players/J/James_Roberts.html,James Roberts 2011-2022 T:77 P:310,large_career_gap | missing_afltables_games_record
James Segeyaro,2011,2022,11,0,3,10,155,37,148,,0,0,,,,1,37,0,0,0,148,0,0,players/J/James_Segeyaro.html,James Segeyaro 2011-2022 T:37 P:148,missing_afltables_games_record
Mitch Rein,2011,2022,11,0,1,12,210,32,128,,1,210,0,players/M/Mitch_Rein.html,Mitch Rein 2011-2022 G:210,1,32,0,0,0,128,0,0,players/M/Mitch_Rein.html,Mitch Rein 2011-2022 T:32 P:128,
Tyrone Roberts,2011,2022,11,0,2,10,158,35,630,,0,0,,,,1,35,245,0,0,630,0,0,players/T/Tyrone_Roberts.html,Tyrone Roberts 2011-2022 T:35 P:630,missing_afltables_games_record
Josh Reynolds,2011,2023,12,0,2011,12,170,44,181,,0,0,,,,1,44,0,5,0,181,0,0,players/J/Josh_Reynolds.html,Josh Reynolds 2011-2023 T:44 P:181,large_career_gap | missing_afltables_games_record
Tariq Sims,2011,2023,12,0,2011,14,239,44,176,,1,236,3,players/T/Tariq_Sims.html,Tariq Sims 2011-2023 G:236,1,44,0,0,0,176,0,0,players/T/Tariq_Sims.html,Tariq Sims 2011-2023 T:44 P:176,large_career_gap | games_mismatch
Aaron Woods,2011,2024,13,0,2011,15,276,18,72,,1,268,8,players/A/Aaron_Woods.html,Aaron Woods 2011-2024 G:268,1,18,0,0,0,72,0,0,players/A/Aaron_Woods.html,Aaron Woods 2011-2024 T:18 P:72,large_career_gap | games_mismatch
Shaun Johnson,2011,2024,13,0,1,14,268,85,1476,,1,268,0,players/S/Shaun_Johnson.html,Shaun Johnson 2011-2024 G:268,1,85,559,18,0,1476,0,0,players/S/Shaun_Johnson.html,Shaun Johnson 2011-2024 T:85 P:1476,
Chad Townsend,2011,2025,14,0,1,15,269,40,513,,1,268,1,players/C/Chad_Townsend.html,Chad Townsend 2011-2025 G:268,1,40,167,20,0,514,0,-1,players/C/Chad_Townsend.html,Chad Townsend 2011-2025 T:40 P:514,games_mismatch | points_mismatch
Daly Cherry-Evans,2011,2026,15,0,2011,17,365,102,849,,1,365,0,players/D/Daly_Cherry-Evans.html,Daly Cherry-Evans 2011-2026 G:365,1,102,206,29,0,849,0,0,players/D/Daly_Cherry-Evans.html,Daly Cherry-Evans 2011-2026 T:102 P:849,large_career_gap
Dane Gagai,2011,2026,15,0,2011,17,327,89,440,,1,327,0,players/D/Dane_Gagai.html,Dane Gagai 2011-2026 G:327,1,89,42,0,0,440,0,0,players/D/Dane_Gagai.html,Dane Gagai 2011-2026 T:89 P:440,large_career_gap
Jack De Belin,2011,2026,15,0,2011,15,264,19,76,,1,263,1,players/J/Jack_De_Belin.html,Jack De Belin 2011-2026 G:263,1,19,0,0,0,76,0,0,players/J/Jack_De_Belin.html,Jack De Belin 2011-2026 T:19 P:76,large_career_gap | games_mismatch
Josh Papalii,2011,2026,15,0,2011,17,334,67,270,,1,334,0,players/J/Josh_Papalii.html,Josh Papalii 2011-2026 G:334,1,67,1,0,0,270,0,0,players/J/Josh_Papalii.html,Josh Papalii 2011-2026 T:67 P:270,large_career_gap
Tyson Frizell,2011,2026,15,0,2011,17,292,42,168,,1,292,0,players/T/Tyson_Frizell.html,Tyson Frizell 2011-2026 G:292,1,42,0,0,0,168,0,0,players/T/Tyson_Frizell.html,Tyson Frizell 2011-2026 T:42 P:168,large_career_gap
Edrick Lee,2012,2023,11,0,2012,12,133,73,294,,0,0,,,,1,73,1,0,0,294,0,0,players/E/Edrick_Lee.html,Edrick Lee 2012-2023 T:73 P:294,large_career_gap | missing_afltables_games_record
Tautau Moga,2012,2023,11,0,2,11,93,36,144,,0,0,,,,1,36,0,0,0,144,0,0,players/T/Tautau_Moga.html,Tautau Moga 2012-2023 T:36 P:144,missing_afltables_games_record
Aidan Sezer,2012,2024,12,0,5,9,172,26,513,,0,0,,,,1,26,199,11,0,513,0,0,players/A/Aidan_Sezer.html,Aidan Sezer 2012-2024 T:26 P:513,large_career_gap | missing_afltables_games_record
Dale Finucane,2012,2024,12,0,2012,14,251,17,70,,1,251,0,players/D/Dale_Finucane.html,Dale Finucane 2012-2024 G:251,1,17,1,0,0,70,0,0,players/D/Dale_Finucane.html,Dale Finucane 2012-2024 T:17 P:70,large_career_gap
Jarrod Wallace,2012,2024,12,0,2012,14,220,24,96,,1,212,8,players/J/Jarrod_Wallace.html,Jarrod Wallace 2012-2024 G:212,1,24,0,0,0,96,0,0,players/J/Jarrod_Wallace.html,Jarrod Wallace 2012-2024 T:24 P:96,large_career_gap | games_mismatch
Tom Eisenhuth,2012,2024,12,0,7,7,87,7,28,,0,0,,,,1,7,0,0,0,28,0,0,players/T/Tom_Eisenhuth.html,Tom Eisenhuth 2012-2024 T:7 P:28,large_career_gap | missing_afltables_games_record
Mark Nicholls,2012,2025,13,0,2,12,194,15,62,,0,0,,,,1,15,1,0,0,62,0,0,players/M/Mark_Nicholls.html,Mark Nicholls 2012-2025 T:15 P:62,missing_afltables_games_record
Adam Reynolds,2012,2026,14,0,2012,16,320,57,2596,,1,320,0,players/A/Adam_Reynolds.html,Adam Reynolds 2012-2026 G:320,1,57,1168,24,4,2596,0,0,players/A/Adam_Reynolds.html,Adam Reynolds 2012-2026 T:57 P:2596,large_career_gap
Daniel Tupou,2012,2026,14,0,2012,16,299,191,764,,1,299,0,players/D/Daniel_Tupou.html,Daniel Tupou 2012-2026 G:299,1,191,0,0,0,764,0,0,players/D/Daniel_Tupou.html,Daniel Tupou 2012-2026 T:191 P:764,large_career_gap
Jack Wighton,2012,2026,14,0,2012,16,286,89,356,,1,286,0,players/J/Jack_Wighton.html,Jack Wighton 2012-2026 G:286,1,89,0,0,0,356,0,0,players/J/Jack_Wighton.html,Jack Wighton 2012-2026 T:89 P:356,large_career_gap
James Tedesco,2012,2026,14,0,2012,16,288,155,630,,1,288,0,players/J/James_Tedesco.html,James Tedesco 2012-2026 G:288,1,155,5,0,0,630,0,0,players/J/James_Tedesco.html,James Tedesco 2012-2026 T:155 P:630,large_career_gap
Roger Tuivasa-Sheck,2012,2026,14,0,3,13,243,77,312,,1,242,1,players/R/Roger_Tuivasa-Sheck.html,Roger Tuivasa-Sheck 2012-2026 G:242,1,77,2,0,0,312,0,0,players/R/Roger_Tuivasa-Sheck.html,Roger Tuivasa-Sheck 2012-2026 T:77 P:312,games_mismatch
Anthony Milford,2013,2024,11,0,2013,13,219,73,395,,1,219,0,players/A/Anthony_Milford.html,Anthony Milford 2013-2024 G:219,1,73,44,15,0,395,0,0,players/A/Anthony_Milford.html,Anthony Milford 2013-2024 T:73 P:395,large_career_gap
Corey Oates,2013,2024,11,0,2013,13,222,121,484,,1,216,6,players/C/Corey_Oates.html,Corey Oates 2013-2024 G:216,1,121,0,0,0,484,0,0,players/C/Corey_Oates.html,Corey Oates 2013-2024 T:121 P:484,large_career_gap | games_mismatch
Isaac Liu,2013,2024,11,0,1,12,272,16,64,,1,272,0,players/I/Isaac_Liu.html,Isaac Liu 2013-2024 G:272,1,16,0,0,0,64,0,0,players/I/Isaac_Liu.html,Isaac Liu 2013-2024 T:16 P:64,
Jake Granville,2013,2024,11,0,1,12,229,24,96,,1,217,12,players/J/Jake_Granville.html,Jake Granville 2013-2024 G:217,1,24,0,0,0,96,0,0,players/J/Jake_Granville.html,Jake Granville 2013-2024 T:24 P:96,games_mismatch
Kyle Feldt,2013,2024,11,0,2013,13,221,151,692,,1,217,4,players/K/Kyle_Feldt.html,Kyle Feldt 2013-2024 G:217,1,151,44,0,0,692,0,0,players/K/Kyle_Feldt.html,Kyle Feldt 2013-2024 T:151 P:692,large_career_gap | games_mismatch
Luke Keary,2013,2024,11,0,2013,13,231,48,210,,1,231,0,players/L/Luke_Keary.html,Luke Keary 2013-2024 G:231,1,48,6,6,0,210,0,0,players/L/Luke_Keary.html,Luke Keary 2013-2024 T:48 P:210,large_career_gap
Thomas Burgess,2013,2024,11,0,1,12,249,22,90,,1,249,0,players/T/Thomas_Burgess.html,Thomas Burgess 2013-2024 G:249,1,22,1,0,0,90,0,0,players/T/Thomas_Burgess.html,Thomas Burgess 2013-2024 T:22 P:90,
Tohu Harris,2013,2024,11,0,1,12,234,30,136,,1,234,0,players/T/Tohu_Harris.html,Tohu Harris 2013-2024 G:234,1,30,8,0,0,136,0,0,players/T/Tohu_Harris.html,Tohu Harris 2013-2024 T:30 P:136,
Tyrone Peachey,2013,2024,11,0,2013,13,217,60,252,,1,209,8,players/T/Tyrone_Peachey.html,Tyrone Peachey 2013-2024 G:209,1,60,6,0,0,252,0,0,players/T/Tyrone_Peachey.html,Tyrone Peachey 2013-2024 T:60 P:252,large_career_gap | games_mismatch
David Klemmer,2013,2025,12,0,2013,14,260,6,24,,1,260,0,players/D/David_Klemmer.html,David Klemmer 2013-2025 G:260,1,6,0,0,0,24,0,0,players/D/David_Klemmer.html,David Klemmer 2013-2025 T:6 P:24,large_career_gap
Jordan McLean,2013,2025,12,0,1,13,242,10,40,,1,242,0,players/J/Jordan_McLean.html,Jordan McLean 2013-2025 G:242,1,10,0,0,0,40,0,0,players/J/Jordan_McLean.html,Jordan McLean 2013-2025 T:10 P:40,
Kenny Bromwich,2013,2025,12,0,1,13,265,32,128,,1,260,5,players/K/Kenny_Bromwich.html,Kenny Bromwich 2013-2025 G:260,1,32,0,0,0,128,0,0,players/K/Kenny_Bromwich.html,Kenny Bromwich 2013-2025 T:32 P:128,games_mismatch
Clint Gutherson,2013,2026,13,0,2013,15,245,108,737,,1,245,0,players/C/Clint_Gutherson.html,Clint Gutherson 2013-2026 G:245,1,108,152,1,0,737,0,0,players/C/Clint_Gutherson.html,Clint Gutherson 2013-2026 T:108 P:737,large_career_gap
Damien Cook,2013,2026,13,0,2013,15,253,38,184,,1,253,0,players/D/Damien_Cook.html,Damien Cook 2013-2026 G:253,1,38,16,0,0,184,0,0,players/D/Damien_Cook.html,Damien Cook 2013-2026 T:38 P:184,large_career_gap
Dylan Walker,2013,2026,13,0,2013,15,266,73,376,,1,266,0,players/D/Dylan_Walker.html,Dylan Walker 2013-2026 G:266,1,73,42,0,0,376,0,0,players/D/Dylan_Walker.html,Dylan Walker 2013-2026 T:73 P:376,large_career_gap
Jahrome Hughes,2013,2026,13,0,3,12,183,73,292,,0,0,,,,1,73,0,0,0,292,0,0,players/J/Jahrome_Hughes.html,Jahrome Hughes 2013-2026 T:73 P:292,missing_afltables_games_record
Jake Trbojevic,2013,2026,13,0,2013,14,254,35,140,,1,254,0,players/J/Jake_Trbojevic.html,Jake Trbojevic 2013-2026 G:254,1,35,0,0,0,140,0,0,players/J/Jake_Trbojevic.html,Jake Trbojevic 2013-2026 T:35 P:140,large_career_gap
Luke Brooks,2013,2026,13,0,1,14,268,56,277,,1,268,0,players/L/Luke_Brooks.html,Luke Brooks 2013-2026 G:268,1,56,23,7,0,277,0,0,players/L/Luke_Brooks.html,Luke Brooks 2013-2026 T:56 P:277,
Nathan Brown [2013-2026],2013,2026,13,0,2013,14,191,8,32,,0,0,,,,0,0,0,0,0,0,,,,,large_career_gap | missing_afltables_games_record | missing_afltables_points_record
Siosiua Taukeiaho,2013,2026,13,0,3,11,195,14,182,,0,0,,,,1,14,63,0,0,182,0,0,players/S/Siosiua_Taukeiaho.html,Siosiua Taukeiaho 2013-2026 T:14 P:182,missing_afltables_games_record
Jackson Hastings,2014,2025,11,0,4,9,111,10,192,,0,0,,,,1,10,75,2,0,192,0,0,players/J/Jackson_Hastings.html,Jackson Hastings 2014-2025 T:10 P:192,missing_afltables_games_record
Michael Chee-Kam,2014,2025,11,0,1,12,154,13,52,,0,0,,,,1,13,0,0,0,52,0,0,players/M/Michael_Chee-Kam.html,Michael Chee-Kam 2014-2025 T:13 P:52,missing_afltables_games_record
Siliva Havili,2014,2025,11,0,2,11,176,9,36,,0,0,,,,1,9,0,0,0,36,0,0,players/S/Siliva_Havili.html,Siliva Havili 2014-2025 T:9 P:36,missing_afltables_games_record
Alex Johnston,2014,2026,12,0,1,13,255,229,916,,1,255,0,players/A/Alex_Johnston.html,Alex Johnston 2014-2026 G:255,1,229,0,0,0,916,0,0,players/A/Alex_Johnston.html,Alex Johnston 2014-2026 T:229 P:916,
Apisai Koroisau,2014,2026,12,0,2014,14,244,40,328,,1,244,0,players/A/Apisai_Koroisau.html,Apisai Koroisau 2014-2026 G:244,1,40,84,0,0,328,0,0,players/A/Apisai_Koroisau.html,Apisai Koroisau 2014-2026 T:40 P:328,large_career_gap
Cameron McInnes,2014,2026,12,0,2014,13,232,27,108,,1,232,0,players/C/Cameron_McInnes.html,Cameron McInnes 2014-2026 G:232,1,27,0,0,0,108,0,0,players/C/Cameron_McInnes.html,Cameron McInnes 2014-2026 T:27 P:108,large_career_gap
Cameron Munster,2014,2026,12,0,2014,14,249,64,352,,1,249,0,players/C/Cameron_Munster.html,Cameron Munster 2014-2026 G:249,1,64,46,4,0,352,0,0,players/C/Cameron_Munster.html,Cameron Munster 2014-2026 T:64 P:352,large_career_gap
Dallin Watene-Zelezniak,2014,2026,12,0,1,13,241,122,488,,1,241,0,players/D/Dallin_Watene-Zelezniak.html,Dallin Watene-Zelezniak 2014-2026 G:241,1,122,0,0,0,488,0,0,players/D/Dallin_Watene-Zelezniak.html,Dallin Watene-Zelezniak 2014-2026 T:122 P:488,
David Fifita,2014,2026,12,0,2014,13,160,52,208,,0,0,,,,1,52,0,0,0,208,0,0,players/D/David_FifitaBR.html,David Fifita 2018-2026 T:52 P:208,large_career_gap | missing_afltables_games_record
Francis Molo,2014,2026,12,0,2014,12,163,11,44,,0,0,,,,1,11,0,0,0,44,0,0,players/F/Francis_Molo.html,Francis Molo 2014-2026 T:11 P:44,large_career_gap | missing_afltables_games_record
Isaah Yeo,2014,2026,12,0,2014,14,278,34,136,,1,278,0,players/I/Isaah_Yeo.html,Isaah Yeo 2014-2026 G:278,1,34,0,0,0,136,0,0,players/I/Isaah_Yeo.html,Isaah Yeo 2014-2026 T:34 P:136,large_career_gap
Joseph Tapine,2014,2026,12,0,1,13,250,30,120,,1,250,0,players/J/Joseph_Tapine.html,Joseph Tapine 2014-2026 G:250,1,30,0,0,0,120,0,0,players/J/Joseph_Tapine.html,Joseph Tapine 2014-2026 T:30 P:120,
Kurt Mann,2014,2026,12,0,2014,14,231,49,197,,1,228,3,players/K/Kurt_Mann.html,Kurt Mann 2014-2026 G:228,1,49,0,1,0,197,0,0,players/K/Kurt_Mann.html,Kurt Mann 2014-2026 T:49 P:197,large_career_gap | games_mismatch
Matt Lodge,2014,2026,12,0,3,11,147,8,32,,0,0,,,,1,8,0,0,0,32,0,0,players/M/Matt_Lodge.html,Matt Lodge 2014-2026 T:8 P:32,missing_afltables_games_record
Mitchell Moses,2014,2026,12,0,2014,14,249,53,1391,,1,249,0,players/M/Mitchell_Moses.html,Mitchell Moses 2014-2026 G:249,1,53,582,15,0,1391,0,0,players/M/Mitchell_Moses.html,Mitchell Moses 2014-2026 T:53 P:1391,large_career_gap
Scott Sorensen,2014,2026,12,0,3,11,152,14,56,,0,0,,,,1,14,0,0,0,56,0,0,players/S/Scott_Sorensen.html,Scott Sorensen 2014-2026 T:14 P:56,missing_afltables_games_record
Valentine Holmes,2014,2026,12,0,2014,13,230,119,1433,,1,230,0,players/V/Valentine_Holmes.html,Valentine Holmes 2014-2026 G:230,1,119,472,8,2,1432,0,1,players/V/Valentine_Holmes.html,Valentine Holmes 2014-2026 T:119 P:1432,large_career_gap | points_mismatch
Coen Hess,2015,2026,11,0,2015,12,200,36,144,,1,200,0,players/C/Coen_Hess.html,Coen Hess 2015-2026 G:200,1,36,0,0,0,144,0,0,players/C/Coen_Hess.html,Coen Hess 2015-2026 T:36 P:144,large_career_gap
Euan Aitken,2015,2026,11,0,1,12,216,60,240,,1,215,1,players/E/Euan_Aitken.html,Euan Aitken 2015-2026 G:215,1,60,0,0,0,240,0,0,players/E/Euan_Aitken.html,Euan Aitken 2015-2026 T:60 P:240,games_mismatch
Felise Kaufusi,2015,2026,11,0,2015,13,236,32,128,,1,235,1,players/F/Felise_Kaufusi.html,Felise Kaufusi 2015-2026 G:235,1,32,0,0,0,128,0,0,players/F/Felise_Kaufusi.html,Felise Kaufusi 2015-2026 T:32 P:128,large_career_gap | games_mismatch
Kodi Nikorima,2015,2026,11,0,1,12,234,50,343,,1,232,2,players/K/Kodi_Nikorima.html,Kodi Nikorima 2015-2026 G:232,1,50,71,1,0,343,0,0,players/K/Kodi_Nikorima.html,Kodi Nikorima 2015-2026 T:50 P:343,games_mismatch
Mitchell Barnett,2015,2026,11,0,2015,13,182,27,140,,0,0,,,,1,27,16,0,0,140,0,0,players/M/Mitchell_Barnett.html,Mitchell Barnett 2015-2026 T:27 P:140,large_career_gap | missing_afltables_games_record
Sione Katoa,2015,2026,11,0,2,11,211,85,342,,0,0,,,,1,85,1,0,0,342,0,0,players/S/Sione_KatoaCS.html,Sione Katoa 2018-2026 T:85 P:342,missing_afltables_games_record
Tom Trbojevic,2015,2026,11,0,2015,13,176,117,468,,0,0,,,,1,117,0,0,0,468,0,0,players/T/Tom_Trbojevic.html,Tom Trbojevic 2015-2026 T:117 P:468,large_career_gap | missing_afltables_games_record
