"display_name","first_season","last_season","span","is_unresolved","max_gap","seasons_count","db_games","db_tries","db_points","approved_afltables_name","afl_games_record_count","afl_games_total","games_diff","afl_games_urls","afl_games_rows","afl_points_record_count","afl_points_tries_total","afl_points_goals_total","afl_points_fg1_total","afl_points_fg2_total","afl_points_total","tries_diff","points_diff","afl_points_urls","afl_points_rows","discrepancy_flags"
"Aaron Woods","2011","2024","13","0","2011","15","276","18","72","","1","268","8","players/A/Aaron_Woods.html","Aaron Woods 2011-2024 G:268","1","18","0","0","0","72","0","0","players/A/Aaron_Woods.html","Aaron Woods 2011-2024 T:18 P:72","large_career_gap | games_mismatch"
"Andrew Fifita","2010","2022","12","0","2010","14","252","40","160","","1","251","1","players/A/Andrew_Fifita.html","Andrew Fifita 2010-2022 G:251","1","40","0","0","0","160","0","0","players/A/Andrew_Fifita.html","Andrew Fifita 2010-2022 T:40 P:160","large_career_gap | games_mismatch"
"Benji Marshall","2003","2021","18","0","1","19","347","96","1232","","1","346","1","players/B/Benji_Marshall.html","Benji Marshall 2003-2021 G:346","1","96","416","16","0","1232","0","0","players/B/Benji_Marshall.html","Benji Marshall 2003-2021 T:96 P:1232","games_mismatch"
"Bob Fulton","1966","1979","13","1","1","14","139","149","603","","0","0","","","","1","147","26","11","47","598","2","5","players/B/Bob_Fulton.html","Bob Fulton 1966-1979 T:147 P:598","unresolved_db_player | tries_mismatch | points_mismatch"
"Chad Townsend","2011","2025","14","0","1","15","269","40","513","","1","268","1","players/C/Chad_Townsend.html","Chad Townsend 2011-2025 G:268","1","40","167","20","0","514","0","-1","players/C/Chad_Townsend.html","Chad Townsend 2011-2025 T:40 P:514","games_mismatch | points_mismatch"
"Corey Norman","2010","2021","11","0","2010","13","229","36","227","","1","228","1","players/C/Corey_Norman.html","Corey Norman 2010-2021 G:228","1","36","39","5","0","227","0","0","players/C/Corey_Norman.html","Corey Norman 2010-2021 T:36 P:227","large_career_gap | games_mismatch"
"Corey Oates","2013","2024","11","0","2013","13","222","121","484","","1","216","6","players/C/Corey_Oates.html","Corey Oates 2013-2024 G:216","1","121","0","0","0","484","0","0","players/C/Corey_Oates.html","Corey Oates 2013-2024 T:121 P:484","large_career_gap | games_mismatch"
"Euan Aitken","2015","2026","11","0","1","12","216","60","240","","1","215","1","players/E/Euan_Aitken.html","Euan Aitken 2015-2026 G:215","1","60","0","0","0","240","0","0","players/E/Euan_Aitken.html","Euan Aitken 2015-2026 T:60 P:240","games_mismatch"
"Felise Kaufusi","2015","2026","11","0","2015","13","236","32","128","","1","235","1","players/F/Felise_Kaufusi.html","Felise Kaufusi 2015-2026 G:235","1","32","0","0","0","128","0","0","players/F/Felise_Kaufusi.html","Felise Kaufusi 2015-2026 T:32 P:128","large_career_gap | games_mismatch"
"Gerard Beale","2009","2021","12","0","1","13","207","52","208","","1","205","2","players/G/Gerard_Beale.html","Gerard Beale 2009-2021 G:205","1","52","0","0","0","208","0","0","players/G/Gerard_Beale.html","Gerard Beale 2009-2021 T:52 P:208","games_mismatch"
"Graeme Atkins","1976","1987","11","1","1","12","127","48","204","","0","0","","","","1","47","22","1","0","201","1","3","players/G/Graeme_Atkins.html","Graeme Atkins 1976-1987 T:47 P:201","unresolved_db_player | missing_afltables_games_record | tries_mismatch | points_mismatch"
"Graeme Langlands","1963","1976","13","1","1","14","178","86","1540","","0","0","","","","1","86","648","0","0","1554","0","-14","players/G/Graeme_Langlands.html","Graeme Langlands 1963-1976 T:86 P:1554","unresolved_db_player | points_mismatch"
"Graham Eadie","1971","1983","12","1","1","13","219","71","1914","","1","218","1","players/G/Graham_Eadie.html","Graham Eadie 1971-1983 G:218","1","71","847","3","0","1917","0","-3","players/G/Graham_Eadie.html","Graham Eadie 1971-1983 T:71 P:1917","unresolved_db_player | games_mismatch | points_mismatch"
"Iosia Soliola","2005","2021","16","0","6","12","231","40","162","","1","229","2","players/I/Iosia_Soliola.html","Iosia Soliola 2005-2021 G:229","1","40","1","0","0","162","0","0","players/I/Iosia_Soliola.html","Iosia Soliola 2005-2021 T:40 P:162","large_career_gap | games_mismatch"
"Jack De Belin","2011","2026","15","0","2011","15","264","19","76","","1","263","1","players/J/Jack_De_Belin.html","Jack De Belin 2011-2026 G:263","1","19","0","0","0","76","0","0","players/J/Jack_De_Belin.html","Jack De Belin 2011-2026 T:19 P:76","large_career_gap | games_mismatch"
"Jake Granville","2013","2024","11","0","1","12","229","24","96","","1","217","12","players/J/Jake_Granville.html","Jake Granville 2013-2024 G:217","1","24","0","0","0","96","0","0","players/J/Jake_Granville.html","Jake Granville 2013-2024 T:24 P:96","games_mismatch"
"Jarrod Wallace","2012","2024","12","0","2012","14","220","24","96","","1","212","8","players/J/Jarrod_Wallace.html","Jarrod Wallace 2012-2024 G:212","1","24","0","0","0","96","0","0","players/J/Jarrod_Wallace.html","Jarrod Wallace 2012-2024 T:24 P:96","large_career_gap | games_mismatch"
"John Dorahy","1974","1989","15","1","2","14","203","54","1292","","1","203","0","players/J/John_Dorahy.html","John Dorahy 1974-1989 G:203","1","54","554","11","0","1294","0","-2","players/J/John_Dorahy.html","John Dorahy 1974-1989 T:54 P:1294","unresolved_db_player | points_mismatch"
"Josh Dugan","2009","2021","12","0","2009","14","217","79","365","","1","215","2","players/J/Josh_Dugan.html","Josh Dugan 2009-2021 G:215","1","79","24","1","0","365","0","0","players/J/Josh_Dugan.html","Josh Dugan 2009-2021 T:79 P:365","large_career_gap | games_mismatch"
"Junior Paulo","2007","2026","19","0","2007","17","291","19","76","","1","274","17","players/J/Junior_PauloP1.html","Junior Paulo 2013-2026 G:274","1","19","0","0","0","76","0","0","players/J/Junior_PauloP1.html","Junior Paulo 2013-2026 T:19 P:76","large_career_gap | games_mismatch"
"Keith Barnes","1955","1968","13","1","1","14","169","11","1509","","0","0","","","","1","11","742","0","1","1519","0","-10","players/K/Keith_Barnes.html","Keith Barnes 1955-1968 T:11 P:1519","unresolved_db_player | points_mismatch"
"Kenny Bromwich","2013","2025","12","0","1","13","265","32","128","","1","260","5","players/K/Kenny_Bromwich.html","Kenny Bromwich 2013-2025 G:260","1","32","0","0","0","128","0","0","players/K/Kenny_Bromwich.html","Kenny Bromwich 2013-2025 T:32 P:128","games_mismatch"
"Kodi Nikorima","2015","2026","11","0","1","12","234","50","343","","1","232","2","players/K/Kodi_Nikorima.html","Kodi Nikorima 2015-2026 G:232","1","50","71","1","0","343","0","0","players/K/Kodi_Nikorima.html","Kodi Nikorima 2015-2026 T:50 P:343","games_mismatch"
"Kurt Mann","2014","2026","12","0","2014","14","231","49","197","","1","228","3","players/K/Kurt_Mann.html","Kurt Mann 2014-2026 G:228","1","49","0","1","0","197","0","0","players/K/Kurt_Mann.html","Kurt Mann 2014-2026 T:49 P:197","large_career_gap | games_mismatch"
"Kyle Feldt","2013","2024","11","0","2013","13","221","151","692","","1","217","4","players/K/Kyle_Feldt.html","Kyle Feldt 2013-2024 G:217","1","151","44","0","0","692","0","0","players/K/Kyle_Feldt.html","Kyle Feldt 2013-2024 T:151 P:692","large_career_gap | games_mismatch"
"Martin Taupau","2010","2025","15","0","1","16","261","21","84","","1","256","5","players/M/Martin_Taupau.html","Martin Taupau 2010-2025 G:256","1","21","0","0","0","84","0","0","players/M/Martin_Taupau.html","Martin Taupau 2010-2025 T:21 P:84","games_mismatch"
"Michael Jennings","2007","2024","17","0","2007","16","312","157","628","","1","307","5","players/M/Michael_Jennings.html","Michael Jennings 2007-2024 G:307","1","157","0","0","0","628","0","0","players/M/Michael_Jennings.html","Michael Jennings 2007-2024 T:157 P:628","large_career_gap | games_mismatch"
"Roger Tuivasa-Sheck","2012","2026","14","0","3","13","243","77","312","","1","242","1","players/R/Roger_Tuivasa-Sheck.html","Roger Tuivasa-Sheck 2012-2026 G:242","1","77","2","0","0","312","0","0","players/R/Roger_Tuivasa-Sheck.html","Roger Tuivasa-Sheck 2012-2026 T:77 P:312","games_mismatch"
"Russel Gartner","1975","1989","14","1","2","14","174","74","254","","0","0","","","","1","75","0","0","0","257","-1","-3","players/R/Russel_Gartner.html","Russel Gartner 1975-1989 T:75 P:257","unresolved_db_player | missing_afltables_games_record | tries_mismatch | points_mismatch"
"Steve Rogers","1973","1985","12","1","1973","14","198","91","1367","","0","0","","","","1","90","544","10","0","1376","1","-9","players/S/Steve_Rogers.html","Steve Rogers 1973-1985 T:90 P:1376","unresolved_db_player | large_career_gap | missing_afltables_games_record | tries_mismatch | points_mismatch"
"Tariq Sims","2011","2023","12","0","2011","14","239","44","176","","1","236","3","players/T/Tariq_Sims.html","Tariq Sims 2011-2023 G:236","1","44","0","0","0","176","0","0","players/T/Tariq_Sims.html","Tariq Sims 2011-2023 T:44 P:176","large_career_gap | games_mismatch"
"Trent Merrin","2009","2021","12","0","2009","13","224","21","84","","1","223","1","players/T/Trent_Merrin.html","Trent Merrin 2009-2021 G:223","1","21","0","0","0","84","0","0","players/T/Trent_Merrin.html","Trent Merrin 2009-2021 T:21 P:84","large_career_gap | games_mismatch"
"Tyrone Peachey","2013","2024","11","0","2013","13","217","60","252","","1","209","8","players/T/Tyrone_Peachey.html","Tyrone Peachey 2013-2024 G:209","1","60","6","0","0","252","0","0","players/T/Tyrone_Peachey.html","Tyrone Peachey 2013-2024 T:60 P:252","large_career_gap | games_mismatch"
"Valentine Holmes","2014","2026","12","0","2014","13","230","119","1433","","1","230","0","players/V/Valentine_Holmes.html","Valentine Holmes 2014-2026 G:230","1","119","472","8","2","1432","0","1","players/V/Valentine_Holmes.html","Valentine Holmes 2014-2026 T:119 P:1432","large_career_gap | points_mismatch"
