stat_key_raw,1998_recorded,1999_recorded,2000_recorded,2001_recorded,2002_recorded,2003_recorded,2004_recorded,2005_recorded,2006_recorded,2007_recorded,2008_recorded,2009_recorded,2010_recorded,2011_recorded,2012_recorded,2013_recorded,2014_recorded,2015_recorded,2016_recorded,2017_recorded,2018_recorded,2019_recorded,2020_recorded,2021_recorded,2022_recorded,2023_recorded,2024_recorded,2025_recorded,2026_recorded,1998_total_rows,1999_total_rows,2000_total_rows,2001_total_rows,2002_total_rows,2003_total_rows,2004_total_rows,2005_total_rows,2006_total_rows,2007_total_rows,2008_total_rows,2009_total_rows,2010_total_rows,2011_total_rows,2012_total_rows,2013_total_rows,2014_total_rows,2015_total_rows,2016_total_rows,2017_total_rows,2018_total_rows,2019_total_rows,2020_total_rows,2021_total_rows,2022_total_rows,2023_total_rows,2024_total_rows,2025_total_rows,2026_total_rows
1 Point Field Goals,29,30,15,1,4,26,27,29,7,35,31,35,36,45,30,16,21,30,23,20,31,33,19,23,24,37,21,15,3,8588,7240,6584,6484,6417,6422,6420,6424,6425,6828,6829,6827,6822,6826,6824,6834,6834,6834,6834,6834,6834,6834,5746,7172,7236,7704,7704,7704,1254
2 Point Field Goals,0,0,0,0,0,0,0,0,0,0,0,0,0,0,0,0,0,0,0,0,0,0,0,5,2,4,5,3,0,8588,7240,6584,6484,6417,6422,6420,6424,6425,6828,6829,6827,6822,6826,6824,6834,6834,6834,6834,6834,6834,6834,5746,7172,7236,7704,7704,7704,1254
20/40,0,0,0,0,0,0,0,0,0,0,0,0,0,0,0,0,0,0,0,0,0,0,0,1,2,0,0,1,0,8588,7240,6584,6484,6417,6422,6420,6424,6425,6828,6829,6827,6822,6826,6824,6834,6834,6834,6834,6834,6834,6834,5746,7172,7236,7704,7704,7704,1254
40/20,27,55,40,40,33,43,35,43,29,49,41,51,43,30,42,48,36,29,24,31,20,37,26,29,33,37,33,33,7,8588,7240,6584,6484,6417,6422,6420,6424,6425,6828,6829,6827,6822,6826,6824,6834,6834,6834,6834,6834,6834,6834,5746,7172,7236,7704,7704,7704,1254
All Run Metres,1178,7175,6531,6439,6370,6377,6384,6393,6382,6787,6781,6788,6784,6794,6797,6765,6775,6792,6758,6732,6737,6767,5636,6588,6760,7193,7188,7190,1108,8588,7240,6584,6484,6417,6422,6420,6424,6425,6828,6829,6827,6822,6826,6824,6834,6834,6834,6834,6834,6834,6834,5746,7172,7236,7704,7704,7704,1254
All Runs,1598,1157,1527,5695,4985,85,21,358,4187,1141,131,200,270,203,135,6770,6781,6797,6767,6748,6742,6775,5641,6594,6767,7204,7194,7196,1108,8588,7240,6584,6484,6417,6422,6420,6424,6425,6828,6829,6827,6822,6826,6824,6834,6834,6834,6834,6834,6834,6834,5746,7172,7236,7704,7704,7704,1254
Average Play The Ball Speed,9,9,15,12,12,17,21,19,29,27,30,31,34,34,33,0,0,0,6673,6622,6640,6662,5545,6499,6674,7092,7085,7106,1087,8588,7240,6584,6484,6417,6422,6420,6424,6425,6828,6829,6827,6822,6826,6824,6834,6834,6834,6834,6834,6834,6834,5746,7172,7236,7704,7704,7704,1254
Bomb Kicks,0,2,2,1,1,1,1,1,3,2,3,5,4,4,2,620,656,653,647,613,687,726,597,682,701,772,782,796,125,8588,7240,6584,6484,6417,6422,6420,6424,6425,6828,6829,6827,6822,6826,6824,6834,6834,6834,6834,6834,6834,6834,5746,7172,7236,7704,7704,7704,1254
Conversion Attempts,103,87,116,429,359,5,2,28,297,76,10,11,16,12,7,423,443,440,447,434,426,432,363,421,431,462,475,478,72,8588,7240,6584,6484,6417,6422,6420,6424,6425,6828,6829,6827,6822,6826,6824,6834,6834,6834,6834,6834,6834,6834,5746,7172,7236,7704,7704,7704,1254
Conversions,521,462,420,445,416,410,410,423,406,413,422,398,399,399,403,386,401,385,407,407,387,395,328,390,387,427,448,446,69,8588,7240,6584,6484,6417,6422,6420,6424,6425,6828,6829,6827,6822,6826,6824,6834,6834,6834,6834,6834,6834,6834,5746,7172,7236,7704,7704,7704,1254
Cross Field Kicks,0,1,0,0,1,2,1,1,2,1,1,3,2,1,4,546,520,461,387,366,308,299,352,362,355,400,402,425,57,8588,7240,6584,6484,6417,6422,6420,6424,6425,6828,6829,6827,6822,6826,6824,6834,6834,6834,6834,6834,6834,6834,5746,7172,7236,7704,7704,7704,1254
Dummy Half Run Metres,1,8,9,10,10,10,11,9,15,14,14,14,18,16,11,2179,2078,2055,2057,2077,2040,1832,1475,1689,1739,1664,1628,1631,239,8588,7240,6584,6484,6417,6422,6420,6424,6425,6828,6829,6827,6822,6826,6824,6834,6834,6834,6834,6834,6834,6834,5746,7172,7236,7704,7704,7704,1254
Dummy Half Runs,2,8,9,10,10,10,11,10,15,14,14,15,18,16,11,2225,2107,2101,2100,2135,2077,1878,1508,1736,1785,1713,1671,1669,242,8588,7240,6584,6484,6417,6422,6420,6424,6425,6828,6829,6827,6822,6826,6824,6834,6834,6834,6834,6834,6834,6834,5746,7172,7236,7704,7704,7704,1254
Dummy Passes,5,0,2,2,6,9,13,15,3,14,27,9,16,13,28,2286,2235,3552,2962,3531,3494,2241,2347,2427,2197,2617,2672,2997,571,8588,7240,6584,6484,6417,6422,6420,6424,6425,6828,6829,6827,6822,6826,6824,6834,6834,6834,6834,6834,6834,6834,5746,7172,7236,7704,7704,7704,1254
Errors,3908,3463,2951,2878,2778,3156,3230,3211,3078,3278,3135,3172,3254,3125,2978,0,0,0,2686,2863,2825,2964,2546,2949,3022,3069,3150,3181,488,8588,7240,6584,6484,6417,6422,6420,6424,6425,6828,6829,6827,6822,6826,6824,6834,6834,6834,6834,6834,6834,6834,5746,7172,7236,7704,7704,7704,1254
Forced Drop Outs,1,2,0,2,1,2,3,3,2,1,1,2,4,2,5,449,410,421,487,431,457,545,444,454,497,472,409,429,68,8588,7240,6584,6484,6417,6422,6420,6424,6425,6828,6829,6827,6822,6826,6824,6834,6834,6834,6834,6834,6834,6834,5746,7172,7236,7704,7704,7704,1254
Goal Conversion Rate,521,463,420,445,416,410,410,423,407,413,422,398,399,400,403,393,410,401,425,416,409,406,340,404,400,443,458,455,72,8588,7240,6584,6484,6417,6422,6420,6424,6425,6828,6829,6827,6822,6826,6824,6834,6834,6834,6834,6834,6834,6834,5746,7172,7236,7704,7704,7704,1254
Grubbers,4,3,1,3,2,5,3,6,3,3,0,4,4,4,8,1104,1099,1118,1234,1183,1124,1258,981,1098,1125,1169,1061,1081,155,8588,7240,6584,6484,6417,6422,6420,6424,6425,6828,6829,6827,6822,6826,6824,6834,6834,6834,6834,6834,6834,6834,5746,7172,7236,7704,7704,7704,1254
Handling Errors,4,5,7,7,7,6,16,9,9,14,11,10,16,13,12,2725,2629,2393,2438,2411,2518,2475,2255,2528,2629,2695,2906,2819,443,8588,7240,6584,6484,6417,6422,6420,6424,6425,6828,6829,6827,6822,6826,6824,6834,6834,6834,6834,6834,6834,6834,5746,7172,7236,7704,7704,7704,1254
Hit Ups,7,4,8,9,7,11,12,9,19,20,23,19,19,25,22,4294,5147,4175,4324,4236,4439,4394,3628,4185,4433,4650,4610,4555,730,8588,7240,6584,6484,6417,6422,6420,6424,6425,6828,6829,6827,6822,6826,6824,6834,6834,6834,6834,6834,6834,6834,5746,7172,7236,7704,7704,7704,1254
Ineffective Tackles,7,6,9,5,11,4086,4202,4260,4054,4079,3997,4159,4075,4031,3862,3481,3660,3755,3698,3639,3655,3728,3094,3645,3841,4046,3844,3952,613,8588,7240,6584,6484,6417,6422,6420,6424,6425,6828,6829,6827,6822,6826,6824,6834,6834,6834,6834,6834,6834,6834,5746,7172,7236,7704,7704,7704,1254
Inside 10 Metres,0,0,0,0,0,0,0,0,0,0,0,0,0,0,0,0,0,0,0,0,0,0,7,402,273,249,335,263,77,8588,7240,6584,6484,6417,6422,6420,6424,6425,6828,6829,6827,6822,6826,6824,6834,6834,6834,6834,6834,6834,6834,5746,7172,7236,7704,7704,7704,1254
Intercepts,0,0,0,141,189,184,226,152,154,153,118,115,139,137,108,161,140,151,149,149,94,127,107,113,173,172,202,179,28,8588,7240,6584,6484,6417,6422,6420,6424,6425,6828,6829,6827,6822,6826,6824,6834,6834,6834,6834,6834,6834,6834,5746,7172,7236,7704,7704,7704,1254
Kick Return Metres,1163,1196,1400,1219,1110,1240,1302,1306,1336,1397,1391,1452,1398,1407,1408,2583,2663,2625,2660,2572,2542,2581,2155,2466,2556,2612,2569,2560,370,8588,7240,6584,6484,6417,6422,6420,6424,6425,6828,6829,6827,6822,6826,6824,6834,6834,6834,6834,6834,6834,6834,5746,7172,7236,7704,7704,7704,1254
Kicked Dead,1,1,1,1,1,2,0,1,1,2,2,3,2,2,1,426,343,305,271,273,228,234,168,219,190,200,177,172,29,8588,7240,6584,6484,6417,6422,6420,6424,6425,6828,6829,6827,6822,6826,6824,6834,6834,6834,6834,6834,6834,6834,5746,7172,7236,7704,7704,7704,1254
Kicking Metres,4,4,3,5,3,1822,1807,1732,1689,1805,1738,1843,1767,1752,1703,1723,1754,1734,1729,1694,1641,1686,1426,1649,1636,1713,1711,1749,257,8588,7240,6584,6484,6417,6422,6420,6424,6425,6828,6829,6827,6822,6826,6824,6834,6834,6834,6834,6834,6834,6834,5746,7172,7236,7704,7704,7704,1254
Kicks,14,17,15,1890,1876,1838,1823,1752,1711,1816,1750,1854,1772,1759,1713,1771,1807,1776,1802,1777,1701,1766,1484,1709,1699,1767,1771,1809,261,8588,7240,6584,6484,6417,6422,6420,6424,6425,6828,6829,6827,6822,6826,6824,6834,6834,6834,6834,6834,6834,6834,5746,7172,7236,7704,7704,7704,1254
Kicks Defused,1,3,5,4,2,3,4,6,5,7,7,7,10,6,9,1685,1727,1554,1567,1536,1485,1540,1284,1381,1530,1588,1570,1521,212,8588,7240,6584,6484,6417,6422,6420,6424,6425,6828,6829,6827,6822,6826,6824,6834,6834,6834,6834,6834,6834,6834,5746,7172,7236,7704,7704,7704,1254
Line Break Assists,2,1,2,3,517,711,656,833,836,898,895,954,932,833,923,862,833,993,982,903,851,820,756,1028,1118,1231,1200,1222,187,8588,7240,6584,6484,6417,6422,6420,6424,6425,6828,6829,6827,6822,6826,6824,6834,6834,6834,6834,6834,6834,6834,5746,7172,7236,7704,7704,7704,1254
Line Breaks,2738,2330,1708,1754,1712,1599,1538,1632,1577,1545,1468,1507,1468,1339,1450,1242,1319,1314,1332,1362,1274,1258,1110,1473,1500,1698,1686,1632,244,8588,7240,6584,6484,6417,6422,6420,6424,6425,6828,6829,6827,6822,6826,6824,6834,6834,6834,6834,6834,6834,6834,5746,7172,7236,7704,7704,7704,1254
Mins Played,9,9,15,6460,6395,6396,6405,6392,6417,6821,6823,6823,6819,6824,6822,6490,6817,6787,6811,6764,6791,6815,5696,6614,6826,7259,7257,7259,1123,8588,7240,6584,6484,6417,6422,6420,6424,6425,6828,6829,6827,6822,6826,6824,6834,6834,6834,6834,6834,6834,6834,5746,7172,7236,7704,7704,7704,1254
Missed Tackles,5381,5136,4894,4874,4938,5076,5177,5291,5322,5575,5519,5464,5538,5522,5372,4616,4857,4890,5010,5242,5262,5193,4203,5001,5268,5704,5752,5640,894,8588,7240,6584,6484,6417,6422,6420,6424,6425,6828,6829,6827,6822,6826,6824,6834,6834,6834,6834,6834,6834,6834,5746,7172,7236,7704,7704,7704,1254
Offloads,4647,4033,3619,3818,3496,3169,3256,3237,2933,2885,2822,3026,3041,2960,2847,2522,2680,2626,2689,2552,2620,2604,2100,2506,2633,2664,2551,2633,425,8588,7240,6584,6484,6417,6422,6420,6424,6425,6828,6829,6827,6822,6826,6824,6834,6834,6834,6834,6834,6834,6834,5746,7172,7236,7704,7704,7704,1254
On Report,0,0,0,0,0,0,0,0,0,0,0,0,1,2,0,97,154,139,68,29,50,92,94,381,233,271,392,357,58,8588,7240,6584,6484,6417,6422,6420,6424,6425,6828,6829,6827,6822,6826,6824,6834,6834,6834,6834,6834,6834,6834,5746,7172,7236,7704,7704,7704,1254
One on One Lost,0,0,1,47,61,72,84,65,49,63,40,35,53,62,43,35,40,50,33,35,56,106,100,113,92,80,55,51,10,8588,7240,6584,6484,6417,6422,6420,6424,6425,6828,6829,6827,6822,6826,6824,6834,6834,6834,6834,6834,6834,6834,5746,7172,7236,7704,7704,7704,1254
One on One Steal,0,0,0,47,61,72,83,65,51,64,41,35,54,62,43,36,40,59,51,45,66,113,98,117,88,82,55,52,10,8588,7240,6584,6484,6417,6422,6420,6424,6425,6828,6829,6827,6822,6826,6824,6834,6834,6834,6834,6834,6834,6834,5746,7172,7236,7704,7704,7704,1254
Passes,6,8,13,11,12,13,18,17,23,23,25,26,26,31,28,5661,5791,5745,5838,5631,5595,5554,4655,5490,5730,6050,6037,5996,930,8588,7240,6584,6484,6417,6422,6420,6424,6425,6828,6829,6827,6822,6826,6824,6834,6834,6834,6834,6834,6834,6834,5746,7172,7236,7704,7704,7704,1254
Passes To Run Ratio,6,8,13,11,12,13,18,17,23,23,25,26,26,31,28,5616,5757,5722,5801,5597,5557,5524,4618,5448,5692,6010,5986,5945,919,8588,7240,6584,6484,6417,6422,6420,6424,6425,6828,6829,6827,6822,6826,6824,6834,6834,6834,6834,6834,6834,6834,5746,7172,7236,7704,7704,7704,1254
Penalties,1,2,5,3,1448,20,5,95,1109,348,40,46,73,57,33,2055,2104,2093,2199,2061,2530,2095,1423,1443,1938,1975,1940,1944,282,8588,7240,6584,6484,6417,6422,6420,6424,6425,6828,6829,6827,6822,6826,6824,6834,6834,6834,6834,6834,6834,6834,5746,7172,7236,7704,7704,7704,1254
Penalty Goals,0,1,1,1,0,0,1,0,2,0,0,0,1,1,0,111,119,150,181,166,253,187,128,125,128,158,137,156,31,8588,7240,6584,6484,6417,6422,6420,6424,6425,6828,6829,6827,6822,6826,6824,6834,6834,6834,6834,6834,6834,6834,5746,7172,7236,7704,7704,7704,1254
Play The Ball,0,0,0,0,0,0,0,0,0,27,0,0,0,0,0,0,0,0,2566,2074,895,165,0,0,0,0,0,0,0,8588,7240,6584,6484,6417,6422,6420,6424,6425,6828,6829,6827,6822,6826,6824,6834,6834,6834,6834,6834,6834,6834,5746,7172,7236,7704,7704,7704,1254
Points,1913,1658,1499,1654,1649,1591,1649,1655,1530,1559,1604,1554,1547,1497,1550,1520,1551,1519,1561,1522,1491,1482,1306,1651,1585,1705,1793,1757,273,8588,7240,6584,6484,6417,6422,6420,6424,6425,6828,6829,6827,6822,6826,6824,6834,6834,6834,6834,6834,6834,6834,5746,7172,7236,7704,7704,7704,1254
Post Contact Metres,9,9,15,12,12,17,21,19,29,27,30,31,34,34,34,6685,6702,6684,6613,6593,6604,6616,5537,6484,6676,7049,7092,7079,1090,8588,7240,6584,6484,6417,6422,6420,6424,6425,6828,6829,6827,6822,6826,6824,6834,6834,6834,6834,6834,6834,6834,5746,7172,7236,7704,7704,7704,1254
Receipts,9,9,15,12,12,17,21,19,29,27,30,31,34,34,34,6815,6817,6819,6805,6783,6780,6807,5685,6634,6806,7245,7246,7248,1119,8588,7240,6584,6484,6417,6422,6420,6424,6425,6828,6829,6827,6822,6826,6824,6834,6834,6834,6834,6834,6834,6834,5746,7172,7236,7704,7704,7704,1254
Ruck Infringements,0,0,0,0,0,0,0,0,0,0,0,0,0,0,0,0,0,0,0,0,0,0,992,910,579,661,756,897,214,8588,7240,6584,6484,6417,6422,6420,6424,6425,6828,6829,6827,6822,6826,6824,6834,6834,6834,6834,6834,6834,6834,5746,7172,7236,7704,7704,7704,1254
Send Offs,17,9,8,3,5,6,4,2,4,5,6,2,1,3,3,2,0,1,0,0,1,1,3,7,12,4,3,0,0,8588,7240,6584,6484,6417,6422,6420,6424,6425,6828,6829,6827,6822,6826,6824,6834,6834,6834,6834,6834,6834,6834,5746,7172,7236,7704,7704,7704,1254
Sin Bins,63,81,53,29,34,41,35,30,41,21,14,29,26,21,11,15,24,13,17,43,110,62,56,108,96,121,120,110,19,8588,7240,6584,6484,6417,6422,6420,6424,6425,6828,6829,6827,6822,6826,6824,6834,6834,6834,6834,6834,6834,6834,5746,7172,7236,7704,7704,7704,1254
Stint One,9,9,15,6460,6395,6396,6405,6392,6417,6821,6823,6823,6819,6824,6822,6490,6817,6787,6810,6764,6790,6813,5696,6670,6826,7259,7257,7259,1123,8588,7240,6584,6484,6417,6422,6420,6424,6425,6828,6829,6827,6822,6826,6824,6834,6834,6834,6834,6834,6834,6834,5746,7172,7236,7704,7704,7704,1254
Stint Two,9,5,8,2,2,7,9,4,8,10,10,7,10,11,10,0,0,0,1767,1693,1665,1714,1410,1829,1723,1798,1782,1765,274,8588,7240,6584,6484,6417,6422,6420,6424,6425,6828,6829,6827,6822,6826,6824,6834,6834,6834,6834,6834,6834,6834,5746,7172,7236,7704,7704,7704,1254
Tackle Breaks,9,8,10,11,8,4363,4348,4611,4707,4962,4921,4851,5034,4970,4710,4028,4219,4275,4439,4532,4639,4570,3676,4352,4596,5092,5147,4968,771,8588,7240,6584,6484,6417,6422,6420,6424,6425,6828,6829,6827,6822,6826,6824,6834,6834,6834,6834,6834,6834,6834,5746,7172,7236,7704,7704,7704,1254
Tackle Efficiency,8503,7168,6510,6433,6357,6365,6364,6372,6384,6781,6783,6773,6764,6763,6758,6780,6776,6782,6758,6734,6718,6745,5631,6581,6751,7201,7194,7199,1112,8588,7240,6584,6484,6417,6422,6420,6424,6425,6828,6829,6827,6822,6826,6824,6834,6834,6834,6834,6834,6834,6834,5746,7172,7236,7704,7704,7704,1254
Tackles Made,8503,7168,6510,6433,6357,6365,6364,6372,6384,6781,6783,6773,6764,6763,6758,6780,6776,6782,6758,6734,6718,6745,5631,6581,6751,7201,7194,7199,1112,8588,7240,6584,6484,6417,6422,6420,6424,6425,6828,6829,6827,6822,6826,6824,6834,6834,6834,6834,6834,6834,6834,5746,7172,7236,7704,7704,7704,1254
Total Points,118,99,149,482,461,6,0,38,472,117,10,23,24,19,9,6816,6806,6813,6797,6787,6766,6794,5706,6801,6798,7239,7231,7238,1117,8588,7240,6584,6484,6417,6422,6420,6424,6425,6828,6829,6827,6822,6826,6824,6834,6834,6834,6834,6834,6834,6834,5746,7172,7236,7704,7704,7704,1254
Tries,1506,1294,1183,1343,1345,1294,1338,1334,1229,1250,1288,1240,1234,1181,1222,1202,1227,1194,1223,1200,1152,1159,1039,1300,1282,1385,1457,1420,223,8588,7240,6584,6484,6417,6422,6420,6424,6425,6828,6829,6827,6822,6826,6824,6834,6834,6834,6834,6834,6834,6834,5746,7172,7236,7704,7704,7704,1254
Try Assists,3,703,669,648,626,899,879,848,827,872,938,953,956,894,911,932,904,941,919,853,862,816,766,985,1013,1076,1131,1136,181,8588,7240,6584,6484,6417,6422,6420,6424,6425,6828,6829,6827,6822,6826,6824,6834,6834,6834,6834,6834,6834,6834,5746,7172,7236,7704,7704,7704,1254
