stat_key_raw,first_season,first_round,first_example_value,first_source_match_key,second_season,second_round,second_example_value,second_source_match_key
1 Point Field Goals,1998,1,1,1998-1-Eels-v-Panthers,1998,2,1,1998-2-Knights-v-Warriors
2 Point Field Goals,2021,5,1,2021-5-Rabbitohs-v-Broncos,2021,6,1,2021-6-Broncos-v-Panthers
20/40,2021,28,1,2021-28-Storm-v-Panthers,2022,4,1,2022-4-Sea-Eagles-v-Raiders
40/20,1998,1,1,1998-1-Eels-v-Panthers,1998,3,1,1998-3-Bears-v-Dragons
All Run Metres,1998,1,25,1998-1-Bears-v-Knights,1998,1,30,1998-1-Bears-v-Knights
All Runs,1998,3,10,1998-3-Magpies-v-Rabbitohs,1998,3,11,1998-3-Magpies-v-Rabbitohs
Average Play The Ball Speed,1998,31,2.23s,1998-31-Broncos-v-Bulldogs,1998,31,2.56s,1998-31-Broncos-v-Bulldogs
Bomb Kicks,1999,30,4,1999-30-Storm-v-Dragons,1999,30,5,1999-30-Storm-v-Dragons
Conversion Attempts,1998,3,1,1998-3-Magpies-v-Rabbitohs,1998,3,8,1998-3-Magpies-v-Rabbitohs
Conversions,1998,1,3,1998-1-Bears-v-Knights,1998,1,3,1998-1-Bears-v-Knights
Cross Field Kicks,1999,30,2,1999-30-Storm-v-Dragons,2002,30,1,2002-30-Warriors-v-Roosters
Dummy Half Run Metres,1998,31,28,1998-31-Broncos-v-Bulldogs,1999,30,16,1999-30-Storm-v-Dragons
Dummy Half Runs,1998,31,1,1998-31-Broncos-v-Bulldogs,1998,31,5,1998-31-Broncos-v-Bulldogs
Dummy Passes,1998,31,2,1998-31-Broncos-v-Bulldogs,1998,31,2,1998-31-Broncos-v-Bulldogs
Errors,1998,1,1,1998-1-Bears-v-Knights,1998,1,1,1998-1-Bears-v-Knights
Forced Drop Outs,1998,31,1,1998-31-Broncos-v-Bulldogs,1999,30,1,1999-30-Storm-v-Dragons
Goal Conversion Rate,1998,1,100%,1998-1-Bears-v-Knights,1998,1,60%,1998-1-Bears-v-Knights
Grubbers,1998,31,1,1998-31-Broncos-v-Bulldogs,1998,31,1,1998-31-Broncos-v-Bulldogs
Handling Errors,1998,31,1,1998-31-Broncos-v-Bulldogs,1998,31,1,1998-31-Broncos-v-Bulldogs
Hit Ups,1998,31,13,1998-31-Broncos-v-Bulldogs,1998,31,13,1998-31-Broncos-v-Bulldogs
Ineffective Tackles,1998,31,1,1998-31-Broncos-v-Bulldogs,1998,31,2,1998-31-Broncos-v-Bulldogs
Inside 10 Metres,2020,20,1,2020-20-Broncos-v-Cowboys,2020,20,1,2020-20-Broncos-v-Cowboys
Intercepts,2001,1,1,2001-1-Cowboys-v-Broncos,2001,1,1,2001-1-Eels-v-Panthers
Kick Return Metres,1998,1,1,1998-1-Bears-v-Knights,1998,1,3,1998-1-Bears-v-Knights
Kicked Dead,1998,31,1,1998-31-Broncos-v-Bulldogs,1999,30,2,1999-30-Storm-v-Dragons
Kicking Metres,1998,31,119,1998-31-Broncos-v-Bulldogs,1998,31,18,1998-31-Broncos-v-Bulldogs
Kicks,1998,4,1,1998-4-Cowboys-v-Raiders,1998,7,1,1998-7-Chargers-v-Raiders
Kicks Defused,1998,31,2,1998-31-Broncos-v-Bulldogs,1999,30,1,1999-30-Storm-v-Dragons
Line Break Assists,1998,31,1,1998-31-Broncos-v-Bulldogs,1998,31,1,1998-31-Broncos-v-Bulldogs
Line Breaks,1998,1,1,1998-1-Bears-v-Knights,1998,1,1,1998-1-Bears-v-Knights
Mins Played,1998,31,37:00,1998-31-Broncos-v-Bulldogs,1998,31,47:00,1998-31-Broncos-v-Bulldogs
Missed Tackles,1998,1,1,1998-1-Bears-v-Knights,1998,1,1,1998-1-Bears-v-Knights
Offloads,1998,1,1,1998-1-Bears-v-Knights,1998,1,1,1998-1-Bears-v-Knights
On Report,2010,30,1,2010-30-Dragons-v-Roosters,2011,30,1,2011-30-Sea-Eagles-v-Warriors
One on One Lost,2000,30,1,2000-30-Broncos-v-Roosters,2001,1,1,2001-1-Storm-v-Bulldogs
One on One Steal,2001,1,1,2001-1-Storm-v-Bulldogs,2001,1,1,2001-1-Wests-Tigers-v-Roosters
Passes,1998,31,1,1998-31-Broncos-v-Bulldogs,1998,31,10,1998-31-Broncos-v-Bulldogs
Passes To Run Ratio,1998,31,0.13,1998-31-Broncos-v-Bulldogs,1998,31,0.14,1998-31-Broncos-v-Bulldogs
Penalties,1998,31,1,1998-31-Broncos-v-Bulldogs,1999,30,1,1999-30-Storm-v-Dragons
Penalty Goals,1999,30,1,1999-30-Storm-v-Dragons,2000,30,2,2000-30-Broncos-v-Roosters
Play The Ball,2007,29,10,2007-29-Storm-v-Sea-Eagles,2007,29,10,2007-29-Storm-v-Sea-Eagles
Points,1998,1,4,1998-1-Bears-v-Knights,1998,1,4,1998-1-Bears-v-Knights
Post Contact Metres,1998,31,17,1998-31-Broncos-v-Bulldogs,1998,31,22,1998-31-Broncos-v-Bulldogs
Receipts,1998,31,12,1998-31-Broncos-v-Bulldogs,1998,31,16,1998-31-Broncos-v-Bulldogs
Ruck Infringements,2020,3,1,2020-3-Broncos-v-Eels,2020,3,1,2020-3-Broncos-v-Eels
Send Offs,1998,1,1,1998-1-Broncos-v-Sea-Eagles,1998,1,1,1998-1-Broncos-v-Sea-Eagles
Sin Bins,1998,1,1,1998-1-Broncos-v-Sea-Eagles,1998,1,1,1998-1-Dragons-v-Magpies
Stint One,1998,31,11:14,1998-31-Broncos-v-Bulldogs,1998,31,11:14,1998-31-Broncos-v-Bulldogs
Stint Two,1998,31,03:23,1998-31-Broncos-v-Bulldogs,1998,31,08:27,1998-31-Broncos-v-Bulldogs
Tackle Breaks,1998,31,1,1998-31-Broncos-v-Bulldogs,1998,31,1,1998-31-Broncos-v-Bulldogs
Tackle Efficiency,1998,1,100%,1998-1-Bears-v-Knights,1998,1,100%,1998-1-Bears-v-Knights
Tackles Made,1998,1,10,1998-1-Bears-v-Knights,1998,1,10,1998-1-Bears-v-Knights
Total Points,1998,3,-1,1998-3-Magpies-v-Rabbitohs,1998,3,-2,1998-3-Magpies-v-Rabbitohs
Tries,1998,1,1,1998-1-Bears-v-Knights,1998,1,1,1998-1-Bears-v-Knights
Try Assists,1998,31,1,1998-31-Broncos-v-Bulldogs,1998,31,1,1998-31-Broncos-v-Bulldogs
